dateTime,artist,song
7/16/2021 21:13:00,Stevie Nicks,Edge of Seventeen
7/16/2021 14:45:00,Home,Resonance
7/16/2021 14:42:00,Fitz and the Tantrums,Out of My League
7/16/2021 14:38:00,Jontha Links,Duracell
7/16/2021 14:35:00,Mac DeMarco,My Kind of Woman
7/16/2021 14:31:00,SZA,Drew Barrymore
7/16/2021 14:28:00,Role Model,better the first time
7/16/2021 14:25:00,Labrinth,Forever
7/16/2021 14:21:00,Strawberry Guy,Without You
7/16/2021 14:17:00,SAFARIO,Pressure Love
7/16/2021 14:13:00,fun.,Why Am I the One
7/16/2021 14:10:00,Wallows,Treacherous Doctor - Live from Henson Studios
7/16/2021 14:05:00,Daniel Caesar,Japanese Denim
7/16/2021 14:01:00,Wallows,Drunk on Halloween
7/16/2021 13:59:00,Lowertown,New Song
7/16/2021 13:55:00,Noah and the Whale,5 Years Time
7/16/2021 13:52:00,alt-J,Left Hand Free
7/16/2021 13:50:00,Eyedress,Jealous
7/16/2021 13:46:00,Kaleo,All The Pretty Girls
7/16/2021 13:41:00,The Neighbourhood,The Beach
7/16/2021 13:38:00,alt-J,Breezeblocks
7/16/2021 13:32:00,Beach House,Space Song
7/16/2021 13:28:00,Cavetown,Talk To Me
7/16/2021 13:23:00,The Backseat Lovers,Kilby Girl
7/16/2021 13:17:00,Coin,Malibu 1992
7/15/2021 15:28:00,Labrinth,Forever
7/15/2021 15:24:00,Far Caspian,Questions
7/15/2021 15:22:00,Matt Maltese,Even If It's a Lie - Demo
7/15/2021 14:52:00,Lowertown,New Song
7/15/2021 14:41:00,Sarah Kinsley,The King
7/15/2021 14:38:00,Arctic Monkeys,Why'd You Only Call Me When You're High?
7/15/2021 14:35:00,Role Model,better the first time
7/15/2021 14:32:00,Surf Curse,Freaks
7/15/2021 14:24:00,SAFARIO,Pressure Love
7/15/2021 14:21:00,SZA,Drew Barrymore
7/15/2021 14:21:00,Lord Huron,Love Me Like You Used To
7/15/2021 14:17:00,Kaleo,All The Pretty Girls
7/15/2021 14:08:00,The Neighbourhood,The Beach
7/15/2021 14:06:00,Eyedress,Jealous
7/15/2021 14:01:00,Beach House,Space Song
7/15/2021 13:57:00,Far Caspian,Questions
7/15/2021 13:54:00,Matt Maltese,Even If It's a Lie - Demo
7/15/2021 13:51:00,Aidan Bissett,More Than Friends
7/15/2021 13:48:00,Daniel Caesar,Japanese Denim
7/15/2021 13:45:00,Coin,Crash My Car
7/15/2021 13:43:00,dad sports,dog cuddles
7/15/2021 13:39:00,jelani aryeh,Stella Brown
7/15/2021 13:35:00,Tame Impala,It Might Be Time
7/15/2021 13:32:00,Mac DeMarco,My Kind of Woman
7/15/2021 13:29:00,The Maccabees,Toothpaste Kisses
7/15/2021 13:26:00,Joy Again,Looking Out For You
7/14/2021 11:30:00,fun.,Why Am I the One
7/14/2021 11:26:00,Gym Class Heroes,Cupid's Chokehold / Breakfast in America
7/14/2021 11:23:00,alt-J,Left Hand Free
7/14/2021 11:19:00,Wallows,Drunk on Halloween
7/14/2021 11:18:00,Wallows,Underneath the Streetlights in the Winter Outside Your House
7/14/2021 11:15:00,Wallows,Remember When
7/14/2021 11:12:00,Arctic Monkeys,Why'd You Only Call Me When You're High?
7/14/2021 11:09:00,alt-J,Breezeblocks
7/14/2021 11:05:00,Tame Impala,It Might Be Time
7/14/2021 1:46:00,SAFARIO,Pressure Love
7/14/2021 1:39:00,I Monster,Daydream In Blue
7/14/2021 1:36:00,Sir Sly,Astronaut
7/14/2021 1:32:00,Sarah Kinsley,The King
7/14/2021 1:28:00,Rainbow Kitten Surprise,Cocaine Jesus
7/14/2021 1:25:00,Jontha Links,Duracell
7/14/2021 1:22:00,Mac DeMarco,My Kind of Woman
7/14/2021 1:19:00,Carwash,striptease
7/14/2021 1:17:00,Surf Curse,Freaks
7/14/2021 1:14:00,Wallows,Remember When
7/14/2021 1:11:00,Lowertown,New Song
7/14/2021 1:06:00,Beach House,Space Song
7/14/2021 1:03:00,Saint Motel,For Elise
7/14/2021 0:55:00,Geskle,So She Goes
7/14/2021 0:51:00,Wallows,Drunk on Halloween
7/14/2021 0:47:00,Daniel Caesar,Japanese Denim
7/14/2021 0:43:00,Fitz and the Tantrums,Out of My League
7/14/2021 0:40:00,Noah and the Whale,5 Years Time
7/10/2021 23:17:00,Daniel Caesar,Japanese Denim
7/10/2021 23:13:00,Ritchie Valens,La Bamba - Single Version
7/10/2021 23:11:00,Ritchie Valens,We Belong Together
7/5/2021 14:10:00,Labrinth,Mount Everest
7/5/2021 3:58:00,Fitz and the Tantrums,Out of My League
7/5/2021 3:49:00,Kaleo,All The Pretty Girls
7/4/2021 3:40:00,Willie Nelson,Texas In My Soul
7/4/2021 3:37:00,Harry Belafonte,Day-O (Banana Boat Song)
7/3/2021 16:15:00,alt-J,Arrival in Nara
7/3/2021 16:11:00,The Japanese House,Saw You in a Dream
7/3/2021 16:08:00,The xx,Crystalised
7/3/2021 16:05:00,Supergrass,Alright
7/3/2021 16:05:00,Frankie Cosmos,On the Lips
7/3/2021 16:03:00,Frankie Cosmos,On the Lips
7/3/2021 15:59:00,Easy Life,Nightmares
7/3/2021 15:55:00,Lewis Del Mar,Live That Long
7/3/2021 15:44:00,Abhi The Nomad,Floors
7/3/2021 15:40:00,ufo ufo,Strange Clouds
7/3/2021 15:37:00,Portugal. The Man,Modern Jesus
7/3/2021 15:33:00,Glass Animals,Season 2 Episode 3
7/3/2021 15:30:00,Cavetown,Devil Town
7/3/2021 15:26:00,X Ambassadors,Unsteady
7/3/2021 15:23:00,Saint Motel,Sweet Talk
7/3/2021 15:19:00,alt-J,Ms
7/3/2021 15:05:00,Lewis Del Mar,Stealing (Nightly)
7/3/2021 15:01:00,Aaron Taos,Venom
7/3/2021 14:58:00,Coin,Crash My Car
7/3/2021 14:47:00,Cavetown,Juliet
7/3/2021 14:44:00,Lowertown,New Song
7/3/2021 14:39:00,SZA,Drew Barrymore
7/3/2021 14:32:00,alt-J,Breezeblocks
7/3/2021 14:29:00,One Direction,Clouds
7/3/2021 14:26:00,Coin,Crash My Car
7/3/2021 14:23:00,Aidan Bissett,More Than Friends
7/3/2021 14:20:00,Carwash,striptease
7/3/2021 14:16:00,Tame Impala,It Might Be Time
7/3/2021 14:12:00,Matt Maltese,Even If It's a Lie - Demo
7/3/2021 13:58:00,Arctic Monkeys,Why'd You Only Call Me When You're High?
7/3/2021 13:55:00,Joy Again,Looking Out For You
7/3/2021 13:51:00,Cage the Elephant,Cigarette Daydreams
7/3/2021 13:51:00,Wallows,Remember When
7/3/2021 13:49:00,Still Woozy,Goodie Bag
7/3/2021 13:49:00,Wallows,Remember When
7/3/2021 13:46:00,Still Woozy,Goodie Bag
7/3/2021 13:42:00,Wallows,Drunk on Halloween
7/3/2021 13:38:00,Daniel Caesar,Japanese Denim
7/3/2021 13:34:00,Geskle,So She Goes
7/3/2021 13:30:00,Sarah Kinsley,The King
7/3/2021 13:27:00,Role Model,better the first time
7/3/2021 13:23:00,The Neighbourhood,The Beach
7/3/2021 13:21:00,Surf Curse,Freaks
7/3/2021 13:15:00,fun.,Why Am I the One
7/3/2021 13:12:00,Role Model,girl in new york
7/3/2021 13:09:00,Jontha Links,Duracell
7/3/2021 13:04:00,The Backseat Lovers,Kilby Girl
7/3/2021 13:01:00,alt-J,Left Hand Free
7/3/2021 12:54:00,Tame Impala,One More Hour
7/2/2021 4:35:00,Ivy Mono,Festival Grrrl
7/2/2021 4:28:00,Cage the Elephant,Cigarette Daydreams
6/30/2021 15:45:00,Arctic Monkeys,Why'd You Only Call Me When You're High?
6/30/2021 15:42:00,Joy Again,Looking Out For You
6/30/2021 15:37:00,Tame Impala,It Might Be Time
6/30/2021 15:34:00,Carwash,striptease
6/30/2021 15:32:00,Wallows,Treacherous Doctor - Live from Henson Studios
6/30/2021 15:28:00,I Monster,Daydream In Blue
6/30/2021 15:23:00,The Backseat Lovers,Kilby Girl
6/30/2021 15:20:00,Aidan Bissett,More Than Friends
6/30/2021 15:17:00,Mac DeMarco,My Kind of Woman
6/30/2021 15:15:00,Eyedress,Jealous
6/30/2021 15:11:00,Wallows,Drunk on Halloween
6/30/2021 14:57:00,Tame Impala,One More Hour
6/30/2021 14:54:00,SAFARIO,Pressure Love
6/30/2021 14:33:00,alt-J,Left Hand Free
6/30/2021 14:31:00,Wallows,Remember When
6/30/2021 14:28:00,Lowertown,New Song
6/30/2021 14:24:00,Sir Sly,Astronaut
6/30/2021 14:21:00,Role Model,girl in new york
6/30/2021 14:16:00,Cavetown,Juliet
6/30/2021 14:12:00,Matt Maltese,Even If It's a Lie - Demo
6/30/2021 14:08:00,Gym Class Heroes,Cupid's Chokehold / Breakfast in America
6/30/2021 14:04:00,SZA,Drew Barrymore
6/30/2021 13:59:00,Coin,Malibu 1992
6/30/2021 13:56:00,Still Woozy,Goodie Bag
6/30/2021 13:52:00,One Direction,Clouds
6/30/2021 13:48:00,Cavetown,Talk To Me
6/30/2021 13:44:00,Saint Motel,For Elise
6/30/2021 13:40:00,alt-J,Breezeblocks
6/30/2021 13:39:00,Boy Willows,Fila
6/30/2021 13:16:00,Rainbow Kitten Surprise,Cocaine Jesus
6/30/2021 13:13:00,Noah and the Whale,5 Years Time
6/30/2021 13:08:00,boy pablo,I <3 U
6/30/2021 13:05:00,Lord Huron,Love Me Like You Used To
6/30/2021 13:01:00,Sarah Kinsley,The King
6/30/2021 12:59:00,Surf Curse,Freaks
6/30/2021 12:56:00,dad sports,dog cuddles
6/30/2021 12:51:00,Daniel Caesar,Japanese Denim
6/30/2021 12:48:00,Role Model,better the first time
6/30/2021 12:45:00,Arctic Monkeys,I Wanna Be Yours
6/30/2021 12:42:00,Jontha Links,Duracell
6/30/2021 12:38:00,Coin,Crash My Car
6/30/2021 12:35:00,Mac DeMarco,My Kind of Woman
6/30/2021 12:32:00,Cage the Elephant,Cigarette Daydreams
6/29/2021 22:26:00,Zayn,Sweat
6/28/2021 2:08:00,carpetgarden,Sex Inside My Car
6/28/2021 2:05:00,M.A.G.S.,Drugs
6/28/2021 2:03:00,Coin,Sagittarius Superstar (feat. Faye Webster)
6/28/2021 2:00:00,Aidan Bissett,More Than Friends
6/28/2021 1:56:00,Arctic Monkeys,I Wanna Be Yours
6/28/2021 1:53:00,SALES,pope is a rockstar
6/28/2021 1:50:00,"Dream, Ivory",Scorpion
6/28/2021 1:47:00,Coin,Crash My Car
6/28/2021 1:42:00,half•alive,still feel.
6/28/2021 1:38:00,lovelytheband,loneliness for love
6/28/2021 1:37:00,Still Woozy,Goodie Bag
6/27/2021 22:41:00,Pixies,Where Is My Mind?
6/27/2021 22:39:00,Maxence Cyrin,Where is my mind
6/27/2021 19:32:00,The Maccabees,Toothpaste Kisses
6/25/2021 0:25:00,Noah and the Whale,5 Years Time
6/25/2021 0:19:00,Rainbow Kitten Surprise,Cocaine Jesus
6/25/2021 0:06:00,Sir Sly,Astronaut
6/24/2021 16:48:00,Yabadum,Mountain Man
6/24/2021 16:45:00,Yabadum,Cosmos
6/24/2021 16:41:00,Yabadum,Ball and Chain
6/24/2021 16:37:00,Yabadum,Look Alive
6/24/2021 14:29:00,Yabadum,Winter
6/24/2021 14:29:00,Yabadum,All the Funds
6/24/2021 14:24:00,Yabadum,Winter
6/24/2021 14:18:00,Yabadum,Mountain Man
6/24/2021 14:15:00,Yabadum,Cosmos
6/24/2021 14:15:00,Yabadum,Ball and Chain
6/24/2021 14:07:00,Yabadum,Look Alive
6/24/2021 14:07:00,Yabadum,All the Funds
6/24/2021 14:01:00,Yabadum,All the Funds
6/24/2021 13:56:00,Yabadum,Winter
6/24/2021 13:51:00,Yabadum,Mountain Man
6/24/2021 13:47:00,Yabadum,Cosmos
6/24/2021 13:47:00,Yabadum,Ball and Chain
6/24/2021 13:44:00,Yabadum,Look Alive
6/24/2021 13:44:00,Yabadum,Ball and Chain
6/24/2021 13:40:00,Yabadum,Look Alive
6/24/2021 13:33:00,Yabadum,All the Funds
6/24/2021 13:28:00,Yabadum,Winter
6/24/2021 13:23:00,Yabadum,Mountain Man
6/24/2021 13:19:00,Yabadum,Cosmos
6/24/2021 13:16:00,Yabadum,Ball and Chain
6/24/2021 12:52:00,Yabadum,Look Alive
6/24/2021 12:45:00,Yabadum,All the Funds
6/24/2021 12:40:00,Yabadum,Winter
6/24/2021 12:35:00,Yabadum,Mountain Man
6/24/2021 12:31:00,Yabadum,Cosmos
6/24/2021 12:24:00,Yabadum,Ball and Chain
6/24/2021 12:23:00,Jontha Links,Duracell
6/24/2021 11:13:00,Jontha Links,Duracell
6/24/2021 11:09:00,Sir Sly,Astronaut
6/24/2021 11:06:00,Lord Huron,Love Me Like You Used To
6/24/2021 11:02:00,Gym Class Heroes,Cupid's Chokehold / Breakfast in America
6/24/2021 10:59:00,SAFARIO,Pressure Love
6/24/2021 10:55:00,SAFARIO,Pressure Love
6/24/2021 10:53:00,Surf Curse,Freaks
6/24/2021 10:43:00,Arctic Monkeys,I Wanna Be Yours
6/24/2021 10:39:00,Wallows,Drunk on Halloween
6/24/2021 10:36:00,alt-J,Left Hand Free
6/24/2021 10:33:00,Lowertown,New Song
6/24/2021 10:30:00,Cage the Elephant,Cigarette Daydreams
6/24/2021 10:26:00,Saint Motel,For Elise
6/24/2021 10:24:00,Role Model,better the first time
6/24/2021 10:22:00,Surf Curse,Freaks
6/21/2021 23:12:00,Carwash,striptease
6/21/2021 23:08:00,One Direction,Clouds
6/21/2021 23:05:00,Jontha Links,Duracell
6/21/2021 23:02:00,Lowertown,New Song
6/21/2021 22:58:00,The Neighbourhood,The Beach
6/21/2021 22:53:00,Daniel Caesar,Japanese Denim
6/21/2021 22:46:00,Tame Impala,One More Hour
6/21/2021 21:08:00,Tame Impala,Breathe Deeper
6/21/2021 21:02:00,Tame Impala,Posthumous Forgiveness
6/21/2021 20:56:00,Tame Impala,Tomorrow's Dust
6/21/2021 20:51:00,Tame Impala,On Track
6/21/2021 20:49:00,Tame Impala,Glimmer
6/21/2021 20:44:00,Tame Impala,It Might Be Time
6/21/2021 20:37:00,Tame Impala,One More Hour
6/21/2021 20:32:00,Tame Impala,One More Year
6/21/2021 20:28:00,Tame Impala,Is It True
6/21/2021 20:25:00,Tame Impala,Instant Destiny
6/21/2021 20:21:00,Tame Impala,Borderline
6/21/2021 20:17:00,Cavetown,Devil Town
6/21/2021 17:38:00,Fiji Blue,Waves
6/21/2021 17:35:00,Fiji Blue,Day by Day
6/21/2021 17:33:00,Fiji Blue,Waves
6/20/2021 18:51:00,The Growlers,Dope on a Rope
6/20/2021 18:47:00,mehro,chance with you
6/20/2021 18:42:00,The Strokes,The Adults Are Talking
6/20/2021 16:41:00,Del Water Gap,High Tops (Stripped)
6/20/2021 16:38:00,Hoax,Beach House
6/20/2021 16:34:00,The Neighbourhood,W.D.Y.W.F.M?
6/20/2021 16:30:00,Flor,lmho
6/20/2021 16:27:00,The Greeting Committee,Pull It Together
6/20/2021 16:23:00,Bastille,The Anchor
6/20/2021 16:19:00,Mt. Joy,Sheep
6/20/2021 16:16:00,half•alive,The Fall
6/20/2021 16:13:00,Wallows,I'm Full
6/20/2021 16:08:00,The Neighbourhood,Float
6/20/2021 16:05:00,Hunny,Vowels (and the Importance of Being Me)
6/20/2021 16:00:00,alt-J,Nara
6/20/2021 15:58:00,Lowertown,New Song
6/20/2021 15:55:00,Arctic Monkeys,Why'd You Only Call Me When You're High?
6/20/2021 15:51:00,I Monster,Daydream In Blue
6/20/2021 15:47:00,fun.,Why Am I the One
6/20/2021 10:04:00,SAFARIO,Pressure Love
6/20/2021 10:00:00,Daniel Caesar,Japanese Denim
6/20/2021 9:56:00,Sir Sly,Astronaut
6/20/2021 9:53:00,Role Model,better the first time
6/20/2021 9:49:00,One Direction,Clouds
6/20/2021 9:46:00,Coin,Crash My Car
6/20/2021 9:42:00,Lord Huron,Love Me Like You Used To
6/20/2021 9:38:00,alt-J,Breezeblocks
6/20/2021 9:34:00,The Neighbourhood,The Beach
6/20/2021 9:31:00,Cage the Elephant,Cigarette Daydreams
6/20/2021 9:27:00,Aidan Bissett,More Than Friends
6/20/2021 9:24:00,Mac DeMarco,My Kind of Woman
6/20/2021 9:21:00,Joy Again,Looking Out For You
6/20/2021 9:18:00,Supertramp,Breakfast In America - 2010 Remastered
6/20/2021 9:18:00,Jontha Links,Duracell
6/17/2021 18:37:00,I Monster,Daydream In Blue
6/17/2021 18:33:00,Lord Huron,Love Me Like You Used To
6/17/2021 18:31:00,Surf Curse,Freaks
6/17/2021 18:23:00,Geskle,So She Goes
6/17/2021 18:19:00,alt-J,Breezeblocks
6/17/2021 12:21:00,Kyle Dixon & Michael Stein,Stranger Things
6/17/2021 11:09:00,Daniel Caesar,Japanese Denim
6/17/2021 11:04:00,The Backseat Lovers,Kilby Girl
6/17/2021 11:01:00,Saint Motel,For Elise
6/17/2021 10:59:00,Simon & Garfunkel,Baby Driver
6/17/2021 10:57:00,Winston Surfshirt,For The Record
6/16/2021 22:14:00,One Direction,Clouds
6/16/2021 22:04:00,Winston Surfshirt,For The Record
6/16/2021 21:59:00,The Neighbourhood,Cry Baby
6/16/2021 21:57:00,M83,My Tears Are Becoming a Sea
6/16/2021 21:51:00,Daniel Caesar,Japanese Denim
6/16/2021 21:47:00,Matt Maltese,Even If It's a Lie - Demo
6/16/2021 21:45:00,Still Woozy,Goodie Bag
6/16/2021 21:38:00,Surf Curse,Freaks
6/16/2021 21:35:00,I Monster,Daydream In Blue
6/16/2021 21:31:00,Mac DeMarco,My Kind of Woman
6/16/2021 21:27:00,Gym Class Heroes,Cupid's Chokehold / Breakfast in America
6/16/2021 21:25:00,Lowertown,New Song
6/16/2021 16:25:00,Mac DeMarco,My Kind of Woman
6/16/2021 16:21:00,Lord Huron,Love Me Like You Used To
6/16/2021 16:17:00,Wallows,Drunk on Halloween
6/16/2021 16:14:00,Joy Again,Looking Out For You
6/16/2021 16:10:00,Geskle,So She Goes
6/16/2021 16:08:00,Still Woozy,Goodie Bag
6/16/2021 16:05:00,dad sports,dog cuddles
6/16/2021 12:49:00,Role Model,girl in new york
6/16/2021 12:45:00,Wallows,Drunk on Halloween
6/16/2021 12:42:00,Wallows,Remember When
6/16/2021 12:38:00,The Backseat Lovers,Kilby Girl
6/16/2021 12:36:00,Boy Willows,Fila
6/16/2021 12:32:00,alt-J,Breezeblocks
6/16/2021 12:28:00,The Neighbourhood,The Beach
6/16/2021 12:25:00,Arctic Monkeys,Why'd You Only Call Me When You're High?
6/16/2021 12:22:00,Carwash,striptease
6/16/2021 12:20:00,Lowertown,New Song
6/16/2021 12:16:00,Sarah Kinsley,The King
6/16/2021 12:13:00,Coin,Crash My Car
6/16/2021 12:10:00,Home,Resonance
6/16/2021 12:09:00,Boy Willows,Fila
6/16/2021 11:52:00,dad sports,dog cuddles
6/14/2021 15:57:00,Home,Resonance
6/14/2021 15:54:00,Arctic Monkeys,I Wanna Be Yours
6/14/2021 15:51:00,Arctic Monkeys,Why'd You Only Call Me When You're High?
6/14/2021 15:39:00,Saint Motel,For Elise
6/14/2021 15:36:00,Coin,Crash My Car
6/13/2021 22:28:00,Coin,Malibu 1992
6/13/2021 22:24:00,Coin,Crash My Car
6/13/2021 22:24:00,Still Woozy,Rocky
6/13/2021 22:22:00,Olivia Rodrigo,good 4 u
6/13/2021 0:39:00,Coin,Crash My Car
6/12/2021 20:49:00,Still Woozy,Kenny
6/12/2021 20:46:00,I DONT KNOW HOW BUT THEY FOUND ME,Do It All The Time
6/12/2021 20:43:00,Summer Salt,Revvin' my CJ7
6/12/2021 20:40:00,Conan Gray,Idle Town
6/12/2021 20:37:00,Clairo,Hello?
6/12/2021 20:34:00,Wallows,Scrawny
6/12/2021 17:47:00,Still Woozy,Rocky
6/11/2021 17:00:00,Rex Orange County,4 Seasons
6/11/2021 15:29:00,I DONT KNOW HOW BUT THEY FOUND ME,Do It All The Time
6/11/2021 15:24:00,Goth Babe,Sometimes
6/11/2021 15:20:00,Wallows,Remember When
6/11/2021 15:18:00,Still Woozy,BS
6/11/2021 15:15:00,Wallows,OK
6/11/2021 15:12:00,Wallows,OK - with Remi Wolf & Solomonophonic
6/11/2021 15:10:00,Wallows,Another Story
6/11/2021 15:07:00,Wallows,Quarterback
6/11/2021 15:05:00,Wallows,On Time
6/11/2021 14:25:00,Wallows,Wish Me Luck
6/11/2021 14:23:00,Wallows,Talk Like That
6/11/2021 14:20:00,Wallows,Coastlines
6/11/2021 14:18:00,Wallows,Nobody Gets Me (Like You)
6/11/2021 14:15:00,Wallows,Dig What You Dug
6/11/2021 14:13:00,Wallows,Virtual Aerobics
6/11/2021 14:10:00,Ansel Elgort,You Can Count on Me
6/11/2021 14:07:00,Ansel Elgort,All I Think About Is You
6/11/2021 12:08:00,Ansel Elgort,Thief
6/11/2021 12:07:00,David Teie,Fostog's Touch
6/11/2021 0:08:00,Lou Barlow,The Ballad of Daykitty
6/11/2021 0:06:00,Wallows,On Time
6/11/2021 0:04:00,Hakan Meldic,Rock a Bye Baby
6/10/2021 22:16:00,Chris Lake,Turn off the Lights - Cages Remix
6/10/2021 22:16:00,SAFARIO,Pressure Love
6/9/2021 22:49:00,Strays Don't Sleep,For Blue Skies
6/9/2021 22:46:00,Between Friends,suburban wonderland
6/9/2021 22:41:00,mehro,Perfume
6/9/2021 22:39:00,Sufjan Stevens,Visions of Gideon
6/9/2021 22:33:00,Between Friends,affection
6/9/2021 19:52:00,SZA,Drew Barrymore
6/9/2021 19:49:00,Pinback,Good To Sea
6/9/2021 19:46:00,Arctic Monkeys,Do Me a Favour
6/9/2021 19:41:00,Arctic Monkeys,Fluorescent Adolescent
6/7/2021 14:26:00,Wallows,On Time
6/7/2021 14:25:00,Wallows,Wish Me Luck
6/7/2021 14:25:00,Wallows,Talk Like That
6/7/2021 14:25:00,Wallows,Coastlines
6/7/2021 14:25:00,Wallows,Nobody Gets Me (Like You)
6/7/2021 14:25:00,Wallows,Dig What You Dug
6/7/2021 14:24:00,Wallows,Virtual Aerobics
6/7/2021 13:11:00,Sir Sly,Astronaut
6/7/2021 12:20:00,The Backseat Lovers,Kilby Girl
6/7/2021 2:40:00,OK Go,Here It Goes Again
6/7/2021 2:39:00,Wallows,Wish Me Luck
6/7/2021 2:39:00,Wallows,Talk Like That
6/7/2021 2:39:00,Wallows,Talk Like That
6/7/2021 2:39:00,Wallows,Talk Like That
6/7/2021 2:39:00,Wallows,Coastlines
6/7/2021 2:39:00,Wallows,Nobody Gets Me (Like You)
6/7/2021 2:38:00,Wallows,Dig What You Dug
6/7/2021 2:38:00,Wallows,Dig What You Dug
6/7/2021 2:38:00,Wallows,Dig What You Dug
6/7/2021 2:38:00,Wallows,Dig What You Dug
6/7/2021 2:38:00,Wallows,Virtual Aerobics
6/7/2021 2:38:00,Wallows,Virtual Aerobics
6/7/2021 2:37:00,Wallows,OK
6/7/2021 2:37:00,Wallows,OK - with Remi Wolf & Solomonophonic
6/7/2021 2:37:00,Wallows,Another Story
6/7/2021 2:37:00,Wallows,On Time
6/7/2021 2:37:00,Wallows,Quarterback
6/7/2021 2:37:00,Wallows,On Time
6/7/2021 2:36:00,ODESZA,Intro
6/7/2021 2:35:00,ODESZA,Intro
6/6/2021 23:02:00,Alabama Shakes,Miss You
6/6/2021 21:53:00,Alabama Shakes,Sound & Color
6/6/2021 21:44:00,Alabama Shakes,Sound & Color
6/6/2021 19:59:00,The Cure,Pictures of You
6/6/2021 17:24:00,The Cure,Pictures of You
6/6/2021 15:13:00,Baby Lullaby,Sleeping Music
6/5/2021 1:02:00,Baby Lullaby,Baby Sleep
6/5/2021 0:49:00,twenty one pilots,Choker
6/5/2021 0:46:00,Rudy Mancuso,monday
6/5/2021 0:35:00,Hans Zimmer,Opening Time
6/4/2021 21:17:00,I Monster,Daydream In Blue
6/4/2021 20:34:00,Kevin Macleod,Local Forecast - Elevator
6/4/2021 20:28:00,Pixies,Where Is My Mind? - Remastered
6/4/2021 20:07:00,I Monster,Daydream In Blue
6/1/2021 21:11:00,Wallows,Uncomfortable
6/1/2021 21:09:00,Wallows,Are You Bored Yet? (feat. Clairo)
6/1/2021 21:05:00,Wallows,Ground
6/1/2021 21:01:00,Wallows,Wish Me Luck
6/1/2021 20:57:00,Wallows,Ice Cold Pool
6/1/2021 20:55:00,Wallows,Only Friend
6/1/2021 20:50:00,Wallows,Worlds Apart
6/1/2021 20:46:00,Wallows,Sun Tan
6/1/2021 20:44:00,Wallows,Treacherous Doctor - Live from Henson Studios
6/1/2021 20:35:00,In Flames,Only for the Weak
6/1/2021 20:31:00,Lamb of God,Laid to Rest
6/1/2021 20:27:00,Children of Bodom,Are You Dead Yet?
5/31/2021 1:00:00,Matt Maltese,As the World Caves in
5/30/2021 16:15:00,Sir Sly,Astronaut
5/30/2021 16:11:00,Capital Cities,Love Away
5/30/2021 16:06:00,fun.,Why Am I the One
5/30/2021 16:03:00,Foxygen,Shuggie
5/30/2021 15:59:00,half•alive,ok ok?
5/30/2021 15:56:00,Your Neighbors,Chicken
5/30/2021 15:52:00,Broken Bells,The High Road
5/30/2021 15:49:00,Bombay Bicycle Club,Luna
5/30/2021 15:45:00,alt-J,Dissolve Me
5/30/2021 15:41:00,Glass Animals,Season 2 Episode 3
5/30/2021 15:38:00,Goth Babe,Colours
5/30/2021 15:34:00,Cage the Elephant,Cigarette Daydreams
5/30/2021 10:53:00,Xilo,Aesthetic
5/30/2021 10:47:00,Gym Class Heroes,Cupid's Chokehold / Breakfast in America
5/30/2021 10:44:00,Ladytron,Seventeen
5/30/2021 10:39:00,The Neighbourhood,Daddy Issues
5/30/2021 10:35:00,The Neighbourhood,Sweater Weather
5/30/2021 10:32:00,Olivia Rodrigo,good 4 u
5/30/2021 10:30:00,Lord Huron,Love Me Like You Used To
5/30/2021 10:26:00,Wallows,Drunk on Halloween
5/30/2021 1:08:00,Miguel,waves - Tame Impala Remix
5/30/2021 1:05:00,Wallice,Punching Bag
5/30/2021 1:02:00,Banes World,You Say I'm in Love
5/30/2021 0:58:00,The Postal Service,Such Great Heights - Remastered
5/30/2021 0:50:00,Olivia Rodrigo,good 4 u
5/29/2021 21:25:00,Lord Huron,Love Me Like You Used To
5/29/2021 17:42:00,Pixies,Is She Weird
5/29/2021 17:39:00,alt-J,Dancing in the Moonlight (Its Caught Me in Its Spotlight) - Recorded at Spotify Studios NYC
5/29/2021 17:34:00,Beach House,Space Song
5/29/2021 17:29:00,Coldplay,Paradise
5/29/2021 17:26:00,Bruno Mars,Talking to the Moon
5/29/2021 17:22:00,Phantogram,Black Out Days - Future Islands Remix
5/29/2021 17:16:00,Joy Again,Looking Out For You
5/29/2021 17:13:00,Blossoms,Honey Sweet
5/29/2021 14:45:00,Peach Pit,Shampoo Bottles
5/29/2021 14:45:00,Sigrid,Mirror
5/29/2021 14:42:00,Olivia Rodrigo,deja vu
5/29/2021 14:37:00,Harry Styles,Golden
5/29/2021 14:37:00,Seb,seaside_demo
5/29/2021 14:33:00,Hozier,Work Song
5/29/2021 14:29:00,Bombay Bicycle Club,Luna
5/29/2021 14:26:00,Daniel Caesar,Japanese Denim
5/29/2021 14:22:00,Joji,SLOW DANCING IN THE DARK
5/29/2021 14:18:00,Castlebeat,80's High School
5/29/2021 14:11:00,Gus Dapperton,Palms (with Channel Tres)
5/29/2021 14:07:00,Lana Del Rey,Diet Mountain Dew
5/29/2021 14:04:00,Kid Cudi,Lovin’ Me (feat. Phoebe Bridgers)
5/29/2021 14:01:00,twenty one pilots,Shy Away
5/29/2021 13:59:00,Two Door Cinema Club,Something Good Can Work
5/29/2021 13:53:00,Edward Sharpe & The Magnetic Zeros,Home
5/29/2021 13:53:00,Passion Pit,Take a Walk
5/29/2021 13:49:00,Miguel,waves - Tame Impala Remix
5/29/2021 13:45:00,The Postal Service,Such Great Heights - Remastered
5/29/2021 13:38:00,Banes World,You Say I'm in Love
5/29/2021 13:38:00,Wallice,Punching Bag
5/29/2021 13:32:00,boy pablo,"Dance, Baby!"
5/29/2021 13:32:00,Paul McCartney,The Kiss Of Venus (Dominic Fike)
5/29/2021 13:25:00,Mallrat,Groceries
5/29/2021 13:21:00,MILK.,Drama Queen
5/29/2021 13:17:00,Lorde,The Louvre
5/29/2021 13:12:00,alt-J,Taro
5/29/2021 13:08:00,Blossoms,Honey Sweet
5/29/2021 13:05:00,Phoebe Bridgers,Kyoto
5/29/2021 13:02:00,Goth Babe,Colours
5/29/2021 12:58:00,Rex Orange County,Corduroy Dreams
5/29/2021 12:55:00,Still Woozy,Kenny
5/29/2021 12:50:00,Tame Impala,Alter Ego - 2020 Mix
5/29/2021 12:46:00,Pizzagirl,Bullet Train
5/29/2021 12:43:00,Delilah Montagu,Coming For Ya
5/29/2021 12:39:00,SZA,Julia
5/29/2021 12:35:00,Frank Ocean,Lost
5/29/2021 12:33:00,3OH!3,Don't Trust Me
5/29/2021 12:30:00,Jake Bugg,Lightning Bolt
5/29/2021 12:27:00,Two Door Cinema Club,Sun
5/28/2021 17:46:00,Tame Impala,Alter Ego - 2020 Mix
5/28/2021 17:42:00,Pizzagirl,Bullet Train
5/28/2021 17:38:00,Delilah Montagu,Coming For Ya
5/28/2021 17:35:00,SZA,Julia
5/28/2021 17:31:00,Frank Ocean,Lost
5/28/2021 17:27:00,Bakar,Hell N Back
5/28/2021 17:24:00,Cage the Elephant,Cigarette Daydreams
5/28/2021 17:19:00,Local Natives,When Am I Gonna Lose You
5/28/2021 17:15:00,The Japanese House,Saw You in a Dream
5/28/2021 17:12:00,Self Esteem,I Do This All The Time
5/28/2021 17:08:00,Peach Pit,Shampoo Bottles
5/28/2021 17:06:00,Sigrid,Mirror
5/28/2021 17:02:00,Olivia Rodrigo,deja vu
5/28/2021 17:00:00,Seb,seaside_demo
5/28/2021 16:56:00,Hippo Campus,Way It Goes
5/28/2021 16:52:00,Arcade Fire,The Suburbs
5/28/2021 16:48:00,Still Woozy,Goodie Bag
5/28/2021 16:44:00,dad sports,dog cuddles
5/28/2021 0:31:00,The 1975,Me
5/28/2021 0:28:00,Ashe,Till Forever Falls Apart
5/28/2021 0:25:00,Aidan Bissett,More Than Friends
5/28/2021 0:21:00,The Neighbourhood,Softcore
5/28/2021 0:18:00,The Drums,I Don't Know How To Love
5/28/2021 0:15:00,Joy Division,Love Will Tear Us Apart
5/28/2021 0:12:00,Michelle,THE BOTTOM
5/28/2021 0:09:00,Joy Again,Looking Out For You
5/28/2021 0:05:00,Yot Club,YKWIM?
5/28/2021 0:01:00,Noah Kittinger,All I Know
5/27/2021 23:54:00,Charli XCX,Spinning (with Charli XCX & The 1975) (A. G. Cook Remix)
5/27/2021 23:47:00,Pixies,Where Is My Mind?
5/27/2021 23:44:00,Geskle,So She Goes
5/27/2021 23:41:00,peach tinted,The Unknown
5/27/2021 20:05:00,dad sports,dog cuddles
5/27/2021 20:05:00,Lord Huron,Love Me Like You Used To
5/27/2021 20:02:00,Still Woozy,Cooks
5/27/2021 20:02:00,dad sports,dog cuddles
5/27/2021 12:20:00,jagger finn,please
5/27/2021 12:20:00,Cigarettes After Sex,Falling in Love
5/27/2021 12:16:00,Cigarettes After Sex,Falling in Love
5/26/2021 12:57:00,Still Woozy,Lava
5/26/2021 12:55:00,Still Woozy,Lava
5/26/2021 12:15:00,Still Woozy,BS
5/26/2021 12:13:00,Still Woozy,Lucy
5/26/2021 12:10:00,Still Woozy,Rocky
5/26/2021 12:07:00,Still Woozy,Cooks
5/26/2021 12:04:00,Still Woozy,Kenny
5/26/2021 12:01:00,Still Woozy,Window
5/26/2021 11:59:00,Still Woozy,Habit
5/26/2021 11:56:00,Still Woozy,Goodie Bag
5/26/2021 11:49:00,Still Woozy,Foolsong
5/26/2021 11:46:00,Still Woozy,Vacation
5/26/2021 11:42:00,Coin,Talk Too Much
5/26/2021 11:38:00,Still Woozy,Rocky
5/22/2021 14:13:00,Young the Giant,Silvertongue
5/22/2021 14:10:00,Two Door Cinema Club,Sun
5/22/2021 14:06:00,lovelytheband,make you feel pretty
5/22/2021 14:03:00,Cold War Kids,First
5/22/2021 14:03:00,Rainbow Kitten Surprise,Cocaine Jesus
5/22/2021 13:59:00,Rainbow Kitten Surprise,Cocaine Jesus
5/22/2021 13:55:00,Broken Bells,The High Road
5/22/2021 13:51:00,Coast Modern,The Way It Was
5/22/2021 13:47:00,half•alive,arrow
5/22/2021 13:45:00,The Buttertones,Orpheus Under the Influence
5/22/2021 13:42:00,The Jokes,Goldmine
5/22/2021 13:38:00,Glass Animals,Youth
5/22/2021 13:35:00,Dayglow,Moving Out
5/22/2021 13:31:00,alt-J,Lovely Day - Bonus Track
5/22/2021 13:26:00,Tash Sultana,Jungle
5/22/2021 13:23:00,Still Woozy,Goodie Bag
5/22/2021 13:21:00,OneRepublic,Rescue Me
5/22/2021 13:17:00,Blood Orange,Sutphin Boulevard
5/22/2021 13:13:00,alt-J,Choice Kingdom
5/21/2021 21:26:00,Dayglow,Like Ivy
5/21/2021 17:24:00,boy pablo,rest up
5/21/2021 17:19:00,Foster the People,Lotus Eater
5/21/2021 17:16:00,Still Woozy,Cooks
5/21/2021 17:13:00,alt-J,Tessellate
5/21/2021 17:08:00,The Difference,Always Something
5/21/2021 17:05:00,Foster the People,Lotus Eater
5/21/2021 17:01:00,Arctic Monkeys,Arabella
5/21/2021 16:58:00,The Neighbourhood,Leaving Tonight
5/21/2021 16:53:00,Paramore,Ain't It Fun
5/21/2021 16:49:00,Dayglow,Moving Out
5/21/2021 16:46:00,Dayglow,Close to You
5/21/2021 16:46:00,Dayglow,Medicine
5/21/2021 16:42:00,Dayglow,Medicine
5/21/2021 16:24:00,Dayglow,Moving Out
5/21/2021 16:06:00,Dayglow,Close to You
5/21/2021 16:06:00,Dayglow,Crying on the Dancefloor
5/21/2021 16:02:00,Dayglow,Close to You
5/21/2021 12:34:00,Dayglow,Something
5/21/2021 10:29:00,Still Woozy,Cooks
5/21/2021 10:13:00,Still Woozy,Rocky
5/21/2021 10:10:00,Still Woozy,Kenny
5/21/2021 10:07:00,Still Woozy,Habit
5/21/2021 10:07:00,Still Woozy,Window
5/21/2021 10:05:00,Still Woozy,Habit
5/21/2021 10:03:00,Still Woozy,Goodie Bag
5/20/2021 16:01:00,Cage the Elephant,Cigarette Daydreams
5/20/2021 15:58:00,The Brobecks,Love at First Sight
5/20/2021 15:58:00,Arctic Monkeys,No. 1 Party Anthem
5/20/2021 15:54:00,Arctic Monkeys,No. 1 Party Anthem
5/20/2021 15:49:00,Vampire Weekend,Obvious Bicycle
5/20/2021 15:46:00,Coast Modern,The Way It Was
5/20/2021 15:43:00,Two Door Cinema Club,Undercover Martyn
5/20/2021 15:39:00,Brantwood,2+2
5/20/2021 15:05:00,Foals,Mountain At My Gates
5/20/2021 15:01:00,half•alive,still feel.
5/20/2021 14:57:00,Editors,An End Has A Start
5/20/2021 14:53:00,Dope Lemon,Marinade
5/20/2021 14:49:00,alt-J,Warm Foothills
5/20/2021 14:47:00,The Neighbourhood,Baby Came Home
5/20/2021 14:47:00,Ginger Root,Ohio
5/20/2021 14:43:00,The Neighbourhood,Baby Came Home
5/20/2021 14:39:00,BØRNS,Electric Love
5/20/2021 14:35:00,Glass Animals,Poplar St
5/20/2021 14:32:00,The Kooks,Junk of the Heart (Happy)
5/20/2021 14:29:00,alt-J,Left Hand Free
5/20/2021 14:29:00,Saint Motel,For Elise
5/20/2021 14:25:00,Saint Motel,For Elise
5/20/2021 14:22:00,Petite League,RASPBERRY SEEDS
5/20/2021 14:20:00,Rainbow Kitten Surprise,It's Called: Freefall
5/20/2021 14:15:00,Peter Bjorn and John,Young Folks
5/20/2021 14:11:00,Arctic Monkeys,505
5/20/2021 14:07:00,Starfucker,Kahlil Gibran
5/20/2021 14:03:00,NoMBe,Summer's Gone
5/20/2021 14:00:00,half•alive,aawake at night
5/20/2021 13:57:00,alt-J,Tessellate
5/20/2021 13:57:00,Foals,Exits
5/20/2021 13:51:00,Foals,Exits
5/20/2021 13:47:00,BØRNS,The Emotion
5/20/2021 13:45:00,sisyfuss,on the outside
5/20/2021 13:43:00,Brick+Mortar,Other Drugs
5/20/2021 13:39:00,Daughter,Smother
5/20/2021 13:27:00,The Neighbourhood,Daddy Issues
5/20/2021 10:56:00,BADBADNOTGOOD,Time Moves Slow
5/20/2021 10:53:00,Arctic Monkeys,Snap Out of It
5/20/2021 10:50:00,Jungle,Happy Man
5/19/2021 23:02:00,Mr. Carter Davis,Storms
5/19/2021 22:58:00,Alex Turner,Glass in the Park
5/19/2021 22:56:00,Beach Bunny,Prom Queen
5/19/2021 22:52:00,Pinegrove,Old Friends
5/19/2021 22:48:00,Death Cab for Cutie,Grapevine Fires
5/19/2021 22:45:00,Dr. Dog,Nellie
5/19/2021 22:41:00,Cults,Bad Things
5/19/2021 22:37:00,Sylvan Esso,Die Young
5/19/2021 22:34:00,Matt Maltese,Strange Time
5/19/2021 22:32:00,"Dream, Ivory",welcome and goodbye
5/19/2021 22:28:00,Beirut,Postcards From Italy
5/19/2021 22:24:00,José González,Vissel
5/19/2021 22:22:00,Vampire Weekend,Diane Young
5/19/2021 22:17:00,Ezra Furman,The Queen of Hearts
5/19/2021 22:12:00,Cigarettes After Sex,K.
5/19/2021 18:57:00,The Jokes,Goldmine
5/19/2021 18:52:00,Carter Vail,Melatonin
5/19/2021 18:47:00,Athlete,Chances
5/19/2021 18:44:00,The Supernaturals,Smile
5/19/2021 18:40:00,alt-J,Deadcrush
5/19/2021 18:37:00,Still Woozy,Habit
5/19/2021 18:34:00,Still Woozy,Cooks
5/19/2021 18:32:00,Still Woozy,Lucy
5/19/2021 18:29:00,Still Woozy,Goodie Bag
5/19/2021 18:27:00,Still Woozy,Ipanema
5/19/2021 18:24:00,Still Woozy,Kenny
5/19/2021 18:21:00,Still Woozy,wolfcat
5/19/2021 18:19:00,Still Woozy,BS
5/19/2021 18:16:00,Still Woozy,Rocky
5/19/2021 18:14:00,Still Woozy,Habit
5/19/2021 18:11:00,Still Woozy,BS
5/19/2021 18:07:00,Still Woozy,Vacation
5/19/2021 18:05:00,Still Woozy,Rocky
5/19/2021 18:01:00,Foster the People,Imagination
5/19/2021 17:55:00,David Bowie,Heroes - 2017 Remaster
5/19/2021 17:51:00,The Driver Era,LOW
5/19/2021 17:48:00,Peach Pit,Alrighty Aphrodite
5/19/2021 17:45:00,Easha,Dying Is a Beautiful Thing to Do
5/19/2021 17:43:00,pinkpantheress,Pain
5/19/2021 17:22:00,6LACK,Free
5/19/2021 17:17:00,Jaden,Summertime in Paris
5/19/2021 17:15:00,Panic! at the Disco,"Hey Look Ma, I Made It"
5/19/2021 17:12:00,Still Woozy,wolfcat
5/19/2021 17:09:00,Still Woozy,Lucy
5/19/2021 17:07:00,Still Woozy,Goodie Bag
5/19/2021 17:05:00,Still Woozy,Window
5/19/2021 17:02:00,Still Woozy,Habit
5/19/2021 16:59:00,Still Woozy,Habit
5/19/2021 16:57:00,Still Woozy,Lava
5/18/2021 19:56:00,Absofacto,Dissolve
5/18/2021 19:53:00,Bishop Briggs,River
5/18/2021 19:50:00,Seafret,Explosion
5/18/2021 19:47:00,The Beach Boys,California Girls - Remix/Remastered 2001
5/18/2021 19:44:00,The Academic,Bear Claws
5/18/2021 19:40:00,Cage the Elephant,Social Cues
5/18/2021 19:37:00,Sure Sure,This Must Be the Place
5/18/2021 19:34:00,Labrinth,Mount Everest
5/18/2021 19:29:00,Zak Abel,Love Song
5/18/2021 19:20:00,The Neighbourhood,Baby Came Home
5/18/2021 19:16:00,The Neighbourhood,Scary Love
5/18/2021 19:11:00,alt-J,Nara
5/18/2021 19:06:00,alt-J,Hunger of the Pine
5/18/2021 19:01:00,alt-J,3WW
5/18/2021 18:58:00,The Neighbourhood,Middle of Somewhere
5/18/2021 18:54:00,Jeremy Zucker,you were good to me
5/18/2021 18:50:00,FINNEAS,Break My Heart Again
5/18/2021 18:46:00,The 1975,Robbers
5/18/2021 18:41:00,Daniel Caesar,Won't Live Here
5/18/2021 18:36:00,Arctic Monkeys,505
5/18/2021 18:31:00,The Strokes,The Adults Are Talking
5/18/2021 16:52:00,A-wall,Loverboy
5/18/2021 16:47:00,Foster the People,Best Friend
5/18/2021 16:43:00,Niall Horan,Still
5/18/2021 16:37:00,Bedroom,In My Head
5/18/2021 16:34:00,Ricky Montgomery,Mr Loverman
5/18/2021 16:30:00,Bickle,Naked
5/18/2021 16:16:00,"Tyler, The Creator",See You Again (feat. Kali Uchis)
5/18/2021 16:13:00,Role Model,going out
5/18/2021 16:09:00,Grouplove,Tongue Tied
5/18/2021 16:07:00,Harry Styles,Golden
5/18/2021 16:05:00,Duckwrth,Crush
5/18/2021 16:01:00,The Neighbourhood,Leaving Tonight
5/18/2021 15:56:00,Dayglow,Can I Call You Tonight?
5/18/2021 15:52:00,The 1975,Girls
5/18/2021 15:49:00,Role Model,going out
5/18/2021 15:45:00,Harry Styles,Golden
5/18/2021 15:43:00,Wallows,Scrawny
5/18/2021 15:40:00,boy pablo,"Dance, Baby!"
5/18/2021 14:11:00,Cigarettes After Sex,Heavenly
5/18/2021 14:06:00,Cigarettes After Sex,Sesame Syrup
5/18/2021 14:02:00,Cigarettes After Sex,Kiss It Off Me
5/18/2021 13:58:00,Cigarettes After Sex,Truly
5/18/2021 13:54:00,Cigarettes After Sex,Keep On Loving You
5/18/2021 13:48:00,Cigarettes After Sex,Dreaming of You
5/18/2021 12:43:00,Cigarettes After Sex,K.
5/17/2021 21:24:00,Men I Trust,"Say, Can You Hear"
5/17/2021 21:20:00,Foster the People,Lotus Eater
5/17/2021 21:01:00,The Neighbourhood,Reflections
5/17/2021 20:52:00,The Neighbourhood,Reflections
5/17/2021 20:45:00,The Neighbourhood,Reflections
5/17/2021 20:40:00,The Neighbourhood,Reflections
5/17/2021 20:36:00,The Neighbourhood,Greetings from Califournia
5/17/2021 20:33:00,The Neighbourhood,Silver Lining
5/17/2021 20:29:00,The Neighbourhood,The Beach
5/17/2021 20:25:00,The Neighbourhood,The Shining
5/17/2021 20:21:00,The Neighbourhood,Afraid - Spotify Sessions Curated by Jim Eno
5/17/2021 20:17:00,The Neighbourhood,W.D.Y.W.F.M?
5/17/2021 20:13:00,The Neighbourhood,A Little Death
5/17/2021 20:10:00,The Neighbourhood,Wires
5/17/2021 20:05:00,The Neighbourhood,Alleyways
5/17/2021 20:01:00,The Neighbourhood,Tobacco Sunburst
5/17/2021 19:57:00,The Neighbourhood,Leaving Tonight
5/17/2021 19:51:00,Cigarettes After Sex,Touch
5/17/2021 19:46:00,Cigarettes After Sex,Heavenly
5/17/2021 19:42:00,Cigarettes After Sex,Crush
5/17/2021 19:36:00,The Neighbourhood,Float
5/17/2021 19:31:00,Cigarettes After Sex,K.
5/17/2021 19:27:00,The Neighbourhood,Daddy Issues
5/17/2021 19:22:00,Arctic Monkeys,Arabella
5/17/2021 19:19:00,Harry Styles,Kiwi
5/17/2021 19:15:00,The Weeknd,Repeat After Me (Interlude)
5/17/2021 19:12:00,The Weeknd,Save Your Tears
5/17/2021 19:08:00,The Weeknd,Blinding Lights
5/17/2021 19:02:00,The Weeknd,After Hours
5/17/2021 19:00:00,Retirement Party,Passion Fruit Tea
5/17/2021 18:57:00,The Difference,Always Something
5/17/2021 18:53:00,SWMRS,Lose It
5/17/2021 18:51:00,Still Woozy,BS
5/17/2021 18:48:00,Still Woozy,Cooks
5/17/2021 18:28:00,Her's,Harvey
5/17/2021 18:24:00,MCCAFFERTY,Its Not That Easy but You're That Easy
5/17/2021 18:21:00,The Front Bottoms,Mountain
5/17/2021 18:19:00,Kevin Abstract,Peach
5/17/2021 18:16:00,Still Woozy,wolfcat
5/17/2021 18:12:00,Gus Dapperton,"Prune, You Talk Funny"
5/17/2021 18:10:00,Jawny,Anything You Want
5/17/2021 18:07:00,Peach Pit,Alrighty Aphrodite
5/17/2021 18:03:00,The Marías,Clueless
5/17/2021 18:01:00,Still Woozy,Goodie Bag
5/17/2021 17:58:00,SALES,big sis
5/17/2021 17:54:00,Gus Dapperton,I'm Just Snacking
5/17/2021 17:53:00,Good Morning,$10
5/17/2021 17:50:00,Omar Apollo,Hit Me Up
5/17/2021 17:48:00,Still Woozy,BS
5/16/2021 21:26:00,Declan McKenna,Make Me Your Queen
5/16/2021 21:22:00,Ashe,Till Forever Falls Apart
5/16/2021 21:19:00,Role Model,hello!
5/16/2021 21:16:00,Wallows,Scrawny
5/16/2021 21:12:00,The Driver Era,Preacher Man
5/16/2021 21:09:00,The Driver Era,Afterglow
5/16/2021 21:06:00,The Driver Era,Natural
5/16/2021 21:03:00,The Driver Era,Giveuwhatuwant
5/16/2021 21:00:00,The Driver Era,Welcome to the End of Your Life
5/16/2021 20:56:00,The Driver Era,A Kiss
5/16/2021 20:52:00,The Driver Era,San Francisco
5/16/2021 20:49:00,Kendrick Lamar,ELEMENT.
5/16/2021 20:45:00,Au/Ra,Panic Room
5/16/2021 20:42:00,Arctic Monkeys,I Wanna Be Yours
5/16/2021 20:39:00,The Neighbourhood,Leaving Tonight
5/16/2021 20:35:00,Frank Ocean,Lost
5/16/2021 20:30:00,Miguel,waves - Tame Impala Remix
5/16/2021 20:26:00,Swiss Portrait,Cassette
5/16/2021 20:22:00,boy pablo,rest up
5/16/2021 20:19:00,Men I Trust,"Say, Can You Hear"
5/16/2021 20:17:00,pinkpantheress,Just a waste
5/16/2021 20:16:00,pinkpantheress,Attracted to you
5/16/2021 20:12:00,Taylor Swift,cardigan
5/16/2021 20:08:00,Travis Scott,Maria I'm Drunk (feat. Justin Bieber & Young Thug)
5/16/2021 20:06:00,Eyedress,X-Girl
5/16/2021 20:02:00,TEEN BLUSH,Bite My Lip
5/16/2021 19:59:00,TV Girl,Lovers Rock
5/16/2021 19:54:00,alt-J,Arrival in Nara
5/16/2021 19:50:00,Glass Animals,Poplar St
5/16/2021 19:47:00,Cage the Elephant,Cigarette Daydreams
5/16/2021 19:44:00,Foster the People,Lotus Eater
5/16/2021 19:41:00,Still Woozy,Cooks
5/16/2021 19:38:00,alt-J,Tessellate
5/16/2021 13:58:00,Still Woozy,Window
5/16/2021 13:55:00,Still Woozy,BS
5/16/2021 13:53:00,Still Woozy,wolfcat
5/16/2021 13:50:00,Still Woozy,Habit
5/16/2021 13:09:00,Still Woozy,Lava
5/16/2021 13:07:00,Still Woozy,BS
5/15/2021 21:23:00,Thundercat,Fair Chance
5/15/2021 21:21:00,Thundercat,The Life Aquatic
5/15/2021 21:18:00,Thundercat,King of the Hill
5/15/2021 21:15:00,Thundercat,Dragonball Durag
5/15/2021 21:11:00,Thundercat,Boat Cruise
5/15/2021 21:09:00,Thundercat,Funny Thing
5/15/2021 21:07:00,Still Woozy,Rocky
5/15/2021 21:04:00,Mac DeMarco,Freaking Out the Neighborhood
5/15/2021 21:01:00,Mac DeMarco,Chamber of Reflection
5/15/2021 20:57:00,Mac DeMarco,My Kind of Woman
5/15/2021 20:53:00,Rex Orange County,Pluto Projector
5/15/2021 20:49:00,Harry Styles,Adore You
5/15/2021 20:46:00,Harry Styles,Two Ghosts
5/15/2021 20:41:00,Stratobeat,often x sweater weather
5/15/2021 20:37:00,Dayglow,Close to You
5/15/2021 20:34:00,Cigarettes After Sex,Starry Eyes
5/15/2021 20:29:00,Cigarettes After Sex,Dreaming of You
5/15/2021 20:25:00,Cigarettes After Sex,I'm a Firefighter
5/15/2021 20:20:00,Cigarettes After Sex,Nothing's Gonna Hurt You Baby
5/15/2021 20:14:00,Cigarettes After Sex,K.
5/15/2021 20:10:00,Cigarettes After Sex,Apocalypse
5/15/2021 20:06:00,Vampire Weekend,Don't Lie
5/15/2021 20:02:00,Vampire Weekend,Hudson
5/15/2021 19:58:00,Vampire Weekend,Step
5/15/2021 19:55:00,Vampire Weekend,Diane Young
5/15/2021 19:52:00,Vampire Weekend,Everlasting Arms
5/15/2021 19:48:00,Vampire Weekend,Obvious Bicycle
5/15/2021 19:43:00,Portugal. The Man,Modern Jesus
5/15/2021 19:40:00,Hobo Johnson,Uglykid (feat. Elohim)
5/15/2021 19:37:00,half•alive,Rest (with Samm Henshaw)
5/15/2021 19:33:00,Bon Iver,Skinny Love
5/15/2021 19:30:00,Colony House,Silhouettes
5/15/2021 19:26:00,alt-J,Warm Foothills
5/15/2021 19:23:00,Arctic Monkeys,I Wanna Be Yours
5/15/2021 19:19:00,Local Natives,Coins
5/15/2021 19:15:00,Lewis Del Mar,Loud(y)
5/15/2021 19:11:00,Young the Giant,Superposition
5/15/2021 19:08:00,Rainbow Kitten Surprise,It's Called: Freefall
5/15/2021 19:04:00,Palace,Bitter
5/15/2021 19:01:00,alt-J,Deadcrush
5/15/2021 18:57:00,Wallows,OK
5/15/2021 18:54:00,Wallows,Are You Bored Yet? (feat. Clairo)
5/15/2021 18:51:00,Wallows,Pleaser
5/15/2021 18:49:00,Frank Ocean,In My Room
5/15/2021 18:45:00,Frank Ocean,White Ferrari
5/15/2021 18:35:00,Frank Ocean,Pyramids
5/15/2021 18:33:00,Frank Ocean,In My Room
5/15/2021 18:30:00,Frank Ocean,Pink + White
5/15/2021 18:26:00,Frank Ocean,Chanel
7/18/2021 21:15:00,Beach House,Space Song
7/18/2021 21:11:00,Wallows,Drunk on Halloween
7/18/2021 21:05:00,Beach House,Space Song
7/18/2021 21:01:00,Wallows,Drunk on Halloween
7/18/2021 20:57:00,Fitz and the Tantrums,Out of My League
7/18/2021 20:55:00,dad sports,dog cuddles
7/18/2021 20:53:00,jagger finn,vas
7/18/2021 20:49:00,Matt Maltese,Even If It's a Lie - Demo
7/18/2021 20:46:00,Jontha Links,Duracell
7/18/2021 20:44:00,Lowertown,New Song
7/18/2021 20:39:00,Cavetown,Talk To Me
7/18/2021 20:35:00,Geskle,So She Goes
7/18/2021 20:31:00,Rainbow Kitten Surprise,Cocaine Jesus
7/18/2021 20:25:00,Coin,Malibu 1992
7/18/2021 20:23:00,alt-J,Left Hand Free
7/18/2021 20:20:00,Aidan Bissett,More Than Friends
7/18/2021 20:18:00,Boy Willows,Fila
7/18/2021 20:14:00,Saint Motel,For Elise
7/18/2021 20:10:00,boy pablo,I <3 U
7/18/2021 20:07:00,Still Woozy,Goodie Bag
7/18/2021 20:04:00,Wallows,Treacherous Doctor - Live from Henson Studios
7/18/2021 16:26:00,jelani aryeh,Stella Brown
7/18/2021 16:22:00,boy pablo,I <3 U
7/18/2021 16:18:00,Noah and the Whale,5 Years Time
5/14/2021 15:12:00,Still Woozy,Goodie Bag
5/14/2021 15:09:00,Still Woozy,Maybe She
5/14/2021 15:07:00,Still Woozy,Window
5/14/2021 15:05:00,Still Woozy,BS
5/14/2021 15:02:00,Still Woozy,Ipanema
5/14/2021 15:00:00,Still Woozy,Habit
5/14/2021 14:57:00,Still Woozy,Window
5/14/2021 12:50:00,Coldplay,Clocks
5/14/2021 12:46:00,Strawberry Guy,Taking My Time to Be
5/14/2021 12:43:00,Strawberry Guy,Mrs Magic
5/13/2021 23:05:00,Cigarettes After Sex,Keep On Loving You
5/13/2021 23:00:00,alt-J,House of the Rising Sun
5/13/2021 22:58:00,The Kooks,Naïve
5/13/2021 22:54:00,Glass Animals,Tangerine
5/13/2021 22:51:00,Pixies,Monkey Gone to Heaven
5/13/2021 22:48:00,Pixies,Here Comes Your Man
5/13/2021 22:46:00,Pixies,Where Is My Mind? - Remastered
5/13/2021 22:01:00,The Living Tombstone,My Ordinary Life
5/13/2021 16:00:00,LoveJoy,Cause for Concern
5/12/2021 14:36:00,Pixies,Where Is My Mind?
5/11/2021 21:31:00,The Blue Notes,Where is my Mind? - Piano Rendition
5/9/2021 16:16:00,Local Natives,Dark Days
5/9/2021 16:12:00,Unknown Mortal Orchestra,So Good at Being in Trouble
5/9/2021 16:08:00,Dr. Dog,The Breeze
5/9/2021 16:05:00,Bombay Bicycle Club,"Eat, Sleep, Wake (Nothing But You)"
5/9/2021 16:03:00,The Kooks,Seaside
5/9/2021 15:59:00,Sylvan Esso,Funeral Singers
5/9/2021 15:55:00,Milky Chance,Flashed Junk Mind
5/9/2021 15:53:00,Glass Animals,Space Ghost Coast To Coast
5/9/2021 15:49:00,alt-J,Breezeblocks
5/9/2021 15:46:00,Portugal. The Man,Tidal Wave
5/9/2021 15:43:00,Two Door Cinema Club,Undercover Martyn
5/9/2021 13:28:00,Cavetown,Boys Will Be Bugs
5/9/2021 13:25:00,Absofacto,Someone Else’s Dream
5/9/2021 13:21:00,Hippo Campus,Buttercup
5/9/2021 13:17:00,Coin,Talk Too Much
5/9/2021 13:17:00,Declan McKenna,Why Do You Feel So Down
5/9/2021 13:14:00,Coin,Talk Too Much
5/9/2021 13:11:00,Peach Pit,Being so Normal
5/9/2021 13:08:00,Hippo Campus,Bambi
5/9/2021 13:05:00,Coin,I Want It All
5/9/2021 13:02:00,lovelytheband,these are my friends
5/9/2021 12:59:00,half•alive,What's Wrong
5/9/2021 12:55:00,Peach Pit,Black Licorice
5/9/2021 12:52:00,The Happy Fits,"So Alright, Cool, Whatever"
5/9/2021 10:50:00,half•alive,aawake at night
5/9/2021 10:46:00,Wallows,Drunk on Halloween
5/8/2021 21:23:00,Dominic Fike,Vampire
5/8/2021 21:21:00,Odie,North Face
5/8/2021 21:17:00,The Neighbourhood,Devil's Advocate
5/8/2021 21:14:00,Dayglow,Close to You
5/8/2021 21:11:00,Surf Curse,Disco
5/8/2021 21:08:00,Wallows,These Days
5/8/2021 21:04:00,boy pablo,"Dance, Baby!"
5/8/2021 21:00:00,The Neighbourhood,Daddy Issues
5/8/2021 20:56:00,Tame Impala,Borderline
5/8/2021 20:53:00,Role Model,girl in new york
5/8/2021 20:50:00,Beach Fossils,Down the Line
5/8/2021 20:46:00,Between Friends,affection
5/8/2021 20:43:00,Kali Uchis,telepatía
5/8/2021 20:41:00,Duckwrth,Crush
5/8/2021 20:38:00,Tipling Rock,Staring
5/8/2021 20:35:00,Clairo,4EVER
5/8/2021 20:33:00,Thundercat,Funny Thing
5/8/2021 20:30:00,Jack Stauber,Oh Klahoma
5/8/2021 20:26:00,The Plums,Parking Lots
5/8/2021 20:23:00,Dayglow,Run the World!!!
5/8/2021 20:20:00,Ashe,Till Forever Falls Apart
5/8/2021 20:16:00,Brent Faiyaz,Dead Man Walking
5/8/2021 20:12:00,SALES,pope is a rockstar
5/8/2021 20:09:00,Jeremy Zucker,Supercuts
5/8/2021 20:07:00,Molchat Doma,Судно (Борис Рижий)
5/8/2021 20:04:00,Role Model,that's just how it goes
5/8/2021 20:01:00,Wallows,Scrawny
5/8/2021 19:59:00,Steve Lacy,Some
5/8/2021 19:55:00,Kyle Lux,Rollin' Stone
5/8/2021 19:50:00,The Backseat Lovers,Kilby Girl
5/8/2021 19:47:00,Serena Isioma,Sensitive
5/8/2021 19:41:00,Bedroom,In My Head
5/8/2021 19:39:00,Eyedress,Jealous
5/8/2021 19:36:00,Role Model,hello!
5/8/2021 19:33:00,VACATIONS,Young
5/8/2021 19:30:00,Wallows,Are You Bored Yet? (feat. Clairo)
5/8/2021 19:28:00,pinkpantheress,Break It Off
5/8/2021 19:26:00,"Dream, Ivory",welcome and goodbye
5/8/2021 19:23:00,Still Woozy,Rocky
5/8/2021 19:21:00,Dominic Fike,Why
5/8/2021 19:18:00,FINNEAS,Claudia
5/8/2021 19:15:00,Soccer Mommy,Your Dog
5/8/2021 19:11:00,VACATIONS,Telephones
5/8/2021 19:07:00,SZA,Drew Barrymore
5/8/2021 19:04:00,Aaron Taos,Amnesia
5/8/2021 19:01:00,Jontha Links,Duracell
5/8/2021 18:57:00,The Neighbourhood,Stargazing
5/8/2021 18:52:00,The Drums,Money
5/8/2021 18:49:00,Joy Again,Looking Out For You
5/3/2021 15:57:00,Glass Animals,Your Love (Déjà Vu)
5/3/2021 15:49:00,Arctic Monkeys,Do I Wanna Know?
5/3/2021 15:46:00,Arctic Monkeys,Brianstorm
5/3/2021 13:28:00,alt-J,Warm Foothills
5/3/2021 13:24:00,Glass Animals,Youth
5/3/2021 13:21:00,The Maccabees,Toothpaste Kisses
5/3/2021 13:18:00,Dr. Dog,Nellie
5/3/2021 13:13:00,Bombay Bicycle Club,Always Like This
5/3/2021 13:09:00,alt-J,Dissolve Me
5/3/2021 13:05:00,Portugal. The Man,Purple Yellow Red and Blue
5/3/2021 13:01:00,Glass Animals,Black Mambo
5/3/2021 12:57:00,Rainbow Kitten Surprise,Cocaine Jesus
5/3/2021 12:55:00,The Kooks,Taking Pictures of You
5/3/2021 12:52:00,alt-J,Left Hand Free
5/3/2021 12:48:00,Grouplove,Tongue Tied
5/3/2021 12:45:00,Two Door Cinema Club,Sun
5/3/2021 12:41:00,Glass Animals,Poplar St
5/3/2021 12:36:00,Palace,Live Well
5/3/2021 12:32:00,Grizzly Bear,Two Weeks
5/3/2021 12:28:00,Glass Animals,Take A Slice
5/3/2021 12:23:00,Pinhani,Dünyadan Uzak
5/3/2021 12:16:00,alt-J,Hunger of the Pine
5/2/2021 22:06:00,Dayglow,Can I Call You Tonight?
5/2/2021 22:02:00,Melanie Martinez,Play Date
5/2/2021 21:58:00,The Foundations,Build Me Up Buttercup - Mono
5/2/2021 21:54:00,Sody,is your bedroom ceiling bored? (feat. Cavetown)
5/2/2021 21:25:00,Daniel Caesar,Japanese Denim
5/2/2021 18:44:00,Cavetown,Boys Will Be Bugs
5/2/2021 18:41:00,dodie,Absolutely Smitten
5/2/2021 18:39:00,Chloe Moriondo,waves
5/2/2021 18:36:00,Colony House,Silhouettes
5/2/2021 18:33:00,half•alive,What's Wrong
5/2/2021 18:30:00,Hippo Campus,Baseball
5/2/2021 18:27:00,Kid Bloom,"I Kissed A Girl, And She Kissed Me"
5/2/2021 18:25:00,dodie,If I'm Being Honest
5/2/2021 18:21:00,Chloe Moriondo,Silly Girl
5/2/2021 18:17:00,half•alive,still feel.
5/2/2021 18:14:00,arlie,Didya Think
5/2/2021 18:10:00,Absofacto,Dissolve
5/2/2021 18:06:00,Orla Gartland,More Like You
5/2/2021 17:47:00,Jack Stauber's Micropop,Fighter
5/2/2021 17:44:00,half•alive,The Fall
5/2/2021 13:19:00,Wallows,Drunk on Halloween
5/2/2021 13:15:00,Declan McKenna,Brazil
5/2/2021 13:11:00,lovelytheband,buzz cut (feat. MisterWives)
5/2/2021 13:07:00,half•alive,ok ok?
5/2/2021 13:04:00,Peach Pit,Alrighty Aphrodite
5/2/2021 13:00:00,Absofacto,Someone Else’s Dream
5/2/2021 12:57:00,Autoheart,Moscow
5/2/2021 12:54:00,Wallows,Scrawny
5/2/2021 12:50:00,half•alive,aawake at night
5/2/2021 11:36:00,alt-J,House of the Rising Sun
5/2/2021 11:33:00,alt-J,Tessellate
5/2/2021 11:29:00,Portugal. The Man,Purple Yellow Red and Blue
5/2/2021 11:24:00,Shakey Graves,Roll The Bones - Audiotree Live Version
5/2/2021 11:20:00,Sir Sly,&Run
5/2/2021 11:09:00,Broken Bells,The High Road
5/2/2021 11:05:00,alt-J,Lovely Day - Bonus Track
5/2/2021 11:01:00,Glass Animals,Youth
5/1/2021 20:00:00,Palace,Heaven Up There
5/1/2021 19:57:00,The Kooks,She Moves in Her Own Way
5/1/2021 19:53:00,Young the Giant,Superposition
5/1/2021 19:49:00,Phantogram,Don't Move
5/1/2021 19:44:00,Rainbow Kitten Surprise,When It Lands
5/1/2021 19:39:00,Edward Sharpe & The Magnetic Zeros,Home
5/1/2021 19:37:00,The Maccabees,Toothpaste Kisses
5/1/2021 19:33:00,Lewis Del Mar,Wave(s)
5/1/2021 19:29:00,Two Door Cinema Club,What You Know
5/1/2021 19:25:00,Metronomy,The Look
5/1/2021 19:22:00,Rainbow Kitten Surprise,It's Called: Freefall
5/1/2021 19:19:00,Starfucker,Rawnald Gregory Erickson the Second
5/1/2021 19:15:00,José González,Stay Alive
5/1/2021 19:11:00,alt-J,Choice Kingdom
5/1/2021 19:06:00,Glass Animals,Black Mambo
5/1/2021 19:02:00,Bombay Bicycle Club,Always Like This
5/1/2021 18:58:00,Glass Animals,Your Love (Déjà Vu)
5/1/2021 18:54:00,Bombay Bicycle Club,Shuffle
4/29/2021 19:35:00,Hobo Johnson,Uglykid (feat. Elohim)
4/29/2021 19:32:00,JP Saxe,If The World Was Ending
4/29/2021 19:28:00,Isak Danielson,Broken
4/29/2021 19:25:00,Cavetown,Smoke Signals (feat. Tessa Violet)
4/29/2021 19:21:00,Tom Walker,Sun Goes Down (feat. Kojey Radical)
4/29/2021 19:18:00,Harletson,Free the Beautiful
4/29/2021 19:14:00,The Regrettes,Seashore
4/29/2021 19:10:00,Doja Cat,Streets
4/29/2021 19:07:00,Conan Gray,Generation Why
4/29/2021 19:03:00,Briston Maroney,I've Been Waiting
4/29/2021 19:00:00,The Butterfly Effect,Lay All Your Love On Me
4/29/2021 18:56:00,Orla Gartland,I Go Crazy
4/29/2021 18:52:00,Hobo Johnson,Mover Awayer
4/29/2021 18:50:00,Glass Animals,Tokyo Drifting (with Denzel Curry)
4/29/2021 18:46:00,alt-J,Breezeblocks
4/29/2021 18:42:00,Son Lux,Easy
4/29/2021 18:37:00,Glass Animals,Pools
4/29/2021 18:34:00,Young the Giant,Silvertongue
4/29/2021 18:23:00,alt-J,The Gospel of John Hurt
4/29/2021 18:20:00,Rainbow Kitten Surprise,Devil Like Me
4/29/2021 18:16:00,Grizzly Bear,Two Weeks
4/29/2021 18:12:00,Broken Bells,The High Road
4/29/2021 18:08:00,Young the Giant,Superposition
4/29/2021 18:05:00,The Maccabees,Toothpaste Kisses
4/29/2021 18:01:00,alt-J,Deadcrush
4/29/2021 17:46:00,José González,Stay Alive
4/29/2021 17:42:00,Vampire Weekend,Step
4/29/2021 17:39:00,The Kooks,Junk of the Heart (Happy)
4/29/2021 17:37:00,Rainbow Kitten Surprise,It's Called: Freefall
4/29/2021 17:34:00,The Kooks,Always Where I Need to Be
4/29/2021 17:31:00,Starfucker,Rawnald Gregory Erickson the Second
4/29/2021 17:27:00,Young the Giant,Heat of the Summer
4/29/2021 17:24:00,Broken Bells,Good Luck
4/29/2021 17:20:00,Glass Animals,Season 2 Episode 3
4/29/2021 17:17:00,Unknown Mortal Orchestra,Hunnybee
4/29/2021 17:02:00,Passion Pit,Take a Walk
4/29/2021 16:58:00,Bombay Bicycle Club,Shuffle
4/29/2021 16:54:00,Broken Bells,The High Road
4/29/2021 16:48:00,alt-J,Taro
4/29/2021 16:45:00,alt-J,Left Hand Free
4/29/2021 16:40:00,Lewis Del Mar,Wave(s)
4/29/2021 16:34:00,Glass Animals,Youth
4/29/2021 16:31:00,Glass Animals,Life Itself
4/29/2021 10:54:00,Jukebox the Ghost,Fred Astaire
4/29/2021 10:51:00,half•alive,Tip Toes
4/29/2021 10:47:00,half•alive,aawake at night
4/29/2021 10:44:00,arlie,Didya Think
4/29/2021 10:40:00,Declan McKenna,Why Do You Feel So Down
4/29/2021 10:36:00,Cavetown,Green
4/28/2021 13:42:00,Saint Motel,Sweet Talk
4/28/2021 13:39:00,Catfish and the Bottlemen,7
4/28/2021 13:37:00,Christian Leave,please notice
4/28/2021 13:33:00,Milky Chance,Bad Things
4/28/2021 13:29:00,The Ballroom Thieves,Fistfight
4/28/2021 13:26:00,BØRNS,The Emotion
4/28/2021 13:19:00,STRFKR,Open Your Eyes
4/28/2021 13:15:00,Cold War Kids,Hang Me Up to Dry
4/28/2021 13:08:00,Sir Sly,Ghost
4/28/2021 11:56:00,alt-J,Dancing in the Moonlight (Its Caught Me in Its Spotlight) - Recorded at Spotify Studios NYC
4/28/2021 11:52:00,Palace,Bitter
4/28/2021 11:49:00,Vampire Weekend,Unbelievers
4/28/2021 11:44:00,Glass Animals,Poplar St
4/28/2021 11:35:00,Young the Giant,Silvertongue
4/28/2021 11:32:00,alt-J,Deadcrush
4/28/2021 10:58:00,Rainbow Kitten Surprise,When It Lands
4/28/2021 10:55:00,Starfucker,Rawnald Gregory Erickson the Second
4/28/2021 10:50:00,Glass Animals,Pork Soda
4/28/2021 10:46:00,Glass Animals,Black Mambo
4/28/2021 10:45:00,The Kooks,Seaside
4/28/2021 10:24:00,The Kooks,Junk of the Heart (Happy)
4/28/2021 10:20:00,Portugal. The Man,Modern Jesus
4/28/2021 10:16:00,Glass Animals,Mama's Gun
4/28/2021 10:12:00,alt-J,Every Other Freckle
4/28/2021 9:54:00,alt-J,Taro
4/28/2021 9:50:00,Glass Animals,Poplar St
4/28/2021 9:47:00,Broken Bells,Good Luck
4/28/2021 9:46:00,Chet Faker,No Diggity
4/28/2021 9:41:00,Glass Animals,The Other Side of Paradise
4/28/2021 9:38:00,alt-J,Tessellate
4/28/2021 9:34:00,alt-J,Dissolve Me
4/28/2021 9:28:00,Arcade Fire,The Suburbs
4/28/2021 9:22:00,Broken Bells,Good Luck
4/28/2021 9:17:00,alt-J,Hunger of the Pine
4/28/2021 9:11:00,Glass Animals,Gooey
4/27/2021 20:20:00,Glass Animals,Youth
4/27/2021 20:17:00,alt-J,Breezeblocks
4/27/2021 20:13:00,alt-J,Lovely Day - Bonus Track
4/27/2021 20:10:00,alt-J,"Bloodflood, Part II"
4/27/2021 20:10:00,alt-J,Leaving Nara
4/27/2021 20:04:00,alt-J,"Bloodflood, Part II"
4/27/2021 20:01:00,alt-J,Pusher
4/27/2021 19:56:00,alt-J,The Gospel of John Hurt
4/27/2021 19:52:00,alt-J,Warm Foothills
4/27/2021 19:47:00,alt-J,Hunger of the Pine
4/27/2021 19:45:00,Foals,Spanish Sahara
4/27/2021 19:45:00,Imagine Dragons,Warriors
4/27/2021 15:57:00,alt-J,Deadcrush
4/27/2021 15:53:00,Broken Bells,The High Road
4/27/2021 15:45:00,Arcade Fire,The Suburbs
4/27/2021 15:41:00,Dr. Dog,Nellie
4/27/2021 15:37:00,Local Natives,Coins
4/27/2021 15:33:00,Unknown Mortal Orchestra,So Good at Being in Trouble
4/27/2021 15:28:00,Two Door Cinema Club,Sun
4/27/2021 15:25:00,Mika,Grace Kelly
4/27/2021 15:21:00,Broken Bells,The High Road
4/27/2021 15:16:00,Glass Animals,Agnes
4/27/2021 15:14:00,The Kooks,She Moves in Her Own Way
4/26/2021 20:19:00,Sylvan Esso,Die Young
4/26/2021 20:15:00,Sylvan Esso,Coffee
4/26/2021 20:11:00,Palace,Bitter
4/26/2021 20:08:00,alt-J,Tessellate
4/26/2021 20:03:00,José González,Stay Alive
4/26/2021 12:13:00,Foals,My Number
4/26/2021 12:10:00,The Kooks,She Moves in Her Own Way
4/26/2021 12:05:00,alt-J,House of the Rising Sun
4/26/2021 12:01:00,NoMBe,Wait
4/26/2021 11:57:00,Bombay Bicycle Club,Always Like This
4/26/2021 11:54:00,Two Door Cinema Club,Sun
4/26/2021 11:50:00,Starfucker,Kahlil Gibran
4/26/2021 11:45:00,alt-J,Nara
4/26/2021 11:40:00,alt-J,Hunger of the Pine
4/26/2021 11:36:00,Sylvan Esso,Die Young
4/26/2021 11:33:00,Bombay Bicycle Club,Luna
4/26/2021 11:26:00,Foals,Spanish Sahara
4/26/2021 11:22:00,Sylvan Esso,Coffee
4/26/2021 11:16:00,Glass Animals,Helium
4/26/2021 11:12:00,Lewis Del Mar,Wave(s)
4/26/2021 11:09:00,Rainbow Kitten Surprise,Devil Like Me
4/26/2021 11:06:00,The Kooks,Naïve
4/26/2021 11:02:00,Unknown Mortal Orchestra,Multi-Love
4/26/2021 10:57:00,Grouplove,Colours
4/26/2021 10:53:00,José González,Stay Alive
4/26/2021 10:50:00,Young the Giant,Silvertongue
4/26/2021 10:45:00,Glass Animals,Poplar St
4/26/2021 10:40:00,Ben Howard,Old Pine
4/26/2021 10:37:00,Glass Animals,Cane Shuga
4/26/2021 10:33:00,Grouplove,Deadline
4/26/2021 10:30:00,alt-J,Left Hand Free
4/26/2021 10:25:00,Vampire Weekend,Harmony Hall
4/26/2021 10:21:00,Palace,Bitter
4/26/2021 10:16:00,alt-J,3WW
4/25/2021 16:14:00,The xx,Islands
4/25/2021 16:11:00,TV on the Radio,Will Do
4/25/2021 16:09:00,The Happy Fits,Best Tears
4/25/2021 15:38:00,The Honeysticks,Out Like a Light
4/25/2021 15:35:00,Mac DeMarco,Freaking Out the Neighborhood
4/25/2021 15:31:00,MUNA,Navy Blue
4/25/2021 15:27:00,Tom Odell,I Know
4/25/2021 15:23:00,Passion Pit,Take a Walk
4/25/2021 15:18:00,Everything Everything,No Reptiles
4/25/2021 15:14:00,Milky Chance,Bad Things
4/25/2021 15:10:00,Sir Sly,Ghost
4/25/2021 14:45:00,Arcade Fire,The Suburbs
4/25/2021 14:41:00,Milky Chance,Bad Things
4/25/2021 14:39:00,Morning Teleportation,No Distance
4/25/2021 14:33:00,Dayglow,False Direction
4/25/2021 14:12:00,José González,Hand on Your Heart
4/25/2021 14:09:00,José González,Vissel
4/25/2021 14:05:00,The Books,Cello Song
4/25/2021 14:03:00,Zero 7,Left Behind
4/25/2021 14:01:00,José González,El Invento
4/25/2021 13:58:00,José González,Far Away
4/25/2021 13:54:00,José González,Stay Alive
4/25/2021 13:52:00,Jake Bugg,All I Need
4/25/2021 13:51:00,Jake Bugg,All I Need
4/25/2021 13:26:00,Mumford & Sons,I Will Wait
4/25/2021 13:21:00,Harry Styles,Golden
4/25/2021 13:18:00,Malia Civetz,Broke Boy
4/25/2021 13:11:00,Fleetwood Mac,Dreams - 2004 Remaster
4/25/2021 13:03:00,Michael Zager Band,Let's All Chant
4/25/2021 13:00:00,The Stargazers,Broken Wings
4/25/2021 12:52:00,Frédéric Chopin,"Chopin: Nocturne No. 2 in E-flat major, Op. 9 No. 2"
4/25/2021 12:47:00,Jacques Offenbach,"The Tales of Hoffmann, Act II: Barcarole"
4/25/2021 12:44:00,Maria Caniglia,"La forza del Destino: ""Pace, pace mio dio"""
4/25/2021 12:38:00,Franz Liszt,"Liebestraum No.3 in A flat, S.541 No.3"
4/25/2021 12:34:00,Philharmonische Vereinigung Arte Sinfonica,"Konzert für Klarinette und Orchester, A-Dur, KV 622: II. Adagio"
4/25/2021 12:27:00,Sam Cooke,(What A) Wonderful World
4/25/2021 12:25:00,Santo & Johnny,Sleep Walk
4/25/2021 12:22:00,Chuck Berry,Too Much Monkey Business
4/25/2021 12:19:00,RM Hubbert,Skyreburn
4/25/2021 12:17:00,Eddie Vedder,Tuolumne
4/25/2021 12:16:00,Chuck Berry,Mad Lad
4/24/2021 12:25:00,Ricky Montgomery,This December
4/24/2021 12:21:00,Michael Cera Palin,Laughing Makes It Worse
4/24/2021 11:33:00,Gus Dapperton,Post Humorous
4/24/2021 11:31:00,Jukebox the Ghost,Under My Skin
4/24/2021 11:27:00,lovelytheband,broken
4/24/2021 11:24:00,Saint Motel,For Elise
4/24/2021 11:21:00,Dayglow,Run the World!!!
4/24/2021 11:16:00,Declan McKenna,British Bombs
4/24/2021 11:10:00,The Black Keys,Little Black Submarines
4/24/2021 11:10:00,The Stop Motion,Petri Dish
4/24/2021 8:19:00,REO Speedwagon,Take It on the Run
4/24/2021 8:15:00,Édith Piaf,"Non, je ne regrette rien"
4/24/2021 8:13:00,Damien Rice,Delicate
4/24/2021 8:07:00,Adele,Rolling in the Deep
4/24/2021 8:04:00,Electric Light Orchestra,Mr. Blue Sky
4/24/2021 7:48:00,Tame Impala,Eventually
4/24/2021 7:44:00,Florence + the Machine,Dog Days Are Over
4/24/2021 7:41:00,Little Mix,Boy
4/23/2021 16:57:00,Portugal. The Man,Feel It Still
4/23/2021 16:51:00,Glass Animals,Season 2 Episode 3
4/23/2021 16:50:00,Glass Animals,[Premade Sandwiches]
4/23/2021 16:45:00,alt-J,Intro
4/23/2021 16:42:00,Saint Motel,Sweet Talk
4/23/2021 16:38:00,alt-J,Arrival in Nara
4/23/2021 16:38:00,Rainbow Kitten Surprise,Devil Like Me
4/23/2021 16:35:00,Rainbow Kitten Surprise,Devil Like Me
4/23/2021 16:32:00,Saint Motel,My Type
4/23/2021 16:27:00,Glass Animals,Poplar St
4/21/2021 19:09:00,Saint Motel,Sweet Talk
4/21/2021 19:06:00,dodie,you
4/21/2021 19:03:00,Chloe Moriondo,Silly Girl
4/21/2021 18:58:00,Cavetown,home
4/21/2021 18:53:00,Peach Pit,Peach Pit
4/21/2021 18:51:00,half•alive,ice cold. (with Kimbra)
4/21/2021 18:47:00,Saint Motel,Cold Cold Man
4/21/2021 18:43:00,Coast Modern,Guru
4/21/2021 18:40:00,half•alive,Pure Gold
4/21/2021 18:37:00,half•alive,What's Wrong
4/21/2021 18:33:00,mxmtoon,bon iver
4/21/2021 18:29:00,Cavetown,it's u
4/21/2021 18:25:00,half•alive,ok ok?
4/21/2021 18:22:00,half•alive,BREAKFAST
4/21/2021 18:18:00,The Happy Fits,Hold Me Down
4/21/2021 18:15:00,Peach Pit,Alrighty Aphrodite
4/21/2021 18:11:00,Dayglow,Hot Rod
4/21/2021 18:09:00,Dayglow,Something
4/21/2021 18:06:00,lovelytheband,broken
4/21/2021 18:03:00,dodie,cool girl
4/21/2021 17:59:00,Peach Pit,Sweet FA
4/21/2021 17:55:00,Sure Sure,This Must Be the Place
4/21/2021 17:52:00,dodie,Ready Now
4/21/2021 17:49:00,Coast Modern,Dive
4/21/2021 17:43:00,Cavetown,hug all ur friends
4/21/2021 17:41:00,Mac DeMarco,Salad Days
4/21/2021 17:38:00,Breakup Shoes,Breakup Shoes
4/21/2021 17:34:00,Rex Orange County,Best Friend
4/21/2021 17:31:00,Naive Thieves,ShakeDownTown
4/21/2021 17:28:00,The Long Faces,Jane!
4/21/2021 17:22:00,Cavetown,Boys Will Be Bugs
4/21/2021 17:20:00,i tried to run away when i was 6 (but got too scared to cross the street),what the heck
4/21/2021 17:16:00,Breakup Shoes,Playing With Fire
4/21/2021 17:13:00,Jeremy Zucker,better off - filous remix
4/21/2021 17:11:00,Cyberbully Mom Club,drunk text romance
4/21/2021 17:06:00,Yellow Days,A Little While
4/21/2021 17:03:00,Mac DeMarco,Cooking Up Something Good
4/21/2021 16:59:00,Ai Bendr,Runaway
4/21/2021 16:56:00,Paul Cherry,Like Yesterday
4/21/2021 16:53:00,The Velveteins,Hanging from the Ceiling
4/21/2021 16:49:00,Michelle,THE BOTTOM
4/21/2021 16:44:00,Rex Orange County,Pluto Projector
4/21/2021 16:44:00,The xx,On Hold
4/21/2021 16:32:00,Men I Trust,Lauren
4/21/2021 16:30:00,Two Door Cinema Club,Sun
4/21/2021 16:24:00,alt-J,Arrival in Nara
4/21/2021 16:20:00,Dr. Dog,Nellie
4/21/2021 16:17:00,Lewis Del Mar,Wave(s)
4/21/2021 15:28:00,Grouplove,Tongue Tied
4/20/2021 18:45:00,Vance Joy,Mess Is Mine
4/20/2021 18:43:00,The Foundations,Build Me Up Buttercup - Mono
4/20/2021 18:40:00,The Beach Boys,God Only Knows - Remastered 1997 / Mono
4/20/2021 18:37:00,Tommy James & The Shondells,Crimson & Clover
4/20/2021 18:35:00,The Zombies,This Will Be Our Year
4/20/2021 18:23:00,Sonny & Cher,I Got You Babe
4/20/2021 18:19:00,Sonny & Cher,The Beat Goes On
4/20/2021 18:15:00,Sonny & Cher,I Got You Babe
4/20/2021 15:35:00,Glass Animals,Season 2 Episode 3
4/20/2021 15:31:00,Glass Animals,Youth
4/20/2021 15:26:00,Glass Animals,Life Itself
4/20/2021 15:21:00,Glass Animals,Poplar St
4/20/2021 15:18:00,Dr. Dog,Nellie
4/20/2021 15:14:00,Lewis Del Mar,Wave(s)
4/20/2021 14:51:00,Two Door Cinema Club,Sun
4/20/2021 14:47:00,Rainbow Kitten Surprise,Cocaine Jesus
4/20/2021 14:44:00,Young the Giant,Heat of the Summer
4/20/2021 14:38:00,Balthazar,Fever
4/20/2021 14:34:00,alt-J,In Cold Blood
4/20/2021 14:30:00,Milky Chance,Cocoon - Acoustic
4/20/2021 14:19:00,Arcade Fire,Dimensions
4/20/2021 14:16:00,alt-J,Intro
4/19/2021 16:19:00,Lewis Del Mar,Wave(s)
4/19/2021 16:16:00,Bon Jovi,Livin' on a Prayer
4/19/2021 16:14:00,Two Door Cinema Club,Sun
4/19/2021 16:10:00,Dr. Dog,Nellie
4/19/2021 16:07:00,alt-J,Leaving Nara
4/19/2021 16:02:00,alt-J,"Bloodflood, Part II"
4/19/2021 15:58:00,alt-J,Pusher
4/19/2021 15:53:00,alt-J,The Gospel of John Hurt
4/19/2021 15:49:00,alt-J,Warm Foothills
4/19/2021 15:44:00,alt-J,Hunger of the Pine
4/19/2021 15:40:00,alt-J,Choice Kingdom
4/19/2021 15:39:00,alt-J,Garden of England – Interlude
4/19/2021 15:36:00,alt-J,Left Hand Free
4/19/2021 15:31:00,alt-J,Every Other Freckle
4/19/2021 15:27:00,alt-J,Arrival in Nara
4/19/2021 15:20:00,Glass Animals,Poplar St
4/19/2021 15:17:00,Lewis Del Mar,Painting (Masterpiece)
4/19/2021 15:14:00,Lewis Del Mar,Wave(s)
4/18/2021 19:15:00,Portugal. The Man,Tidal Wave
4/18/2021 19:10:00,Palace,Live Well
4/18/2021 19:05:00,alt-J,House of the Rising Sun
4/18/2021 19:01:00,Edward Sharpe & The Magnetic Zeros,40 Day Dream
4/18/2021 18:57:00,Dr. Dog,Where'd All The Time Go?
4/18/2021 18:52:00,Shakey Graves,Roll The Bones - Audiotree Live Version
4/18/2021 18:46:00,Arcade Fire,Afterlife
4/18/2021 18:43:00,alt-J,Every Other Freckle
4/18/2021 18:38:00,Foals,Birch Tree
4/17/2021 23:11:00,Lewis Del Mar,TV
4/17/2021 23:07:00,Lewis Del Mar,Border (CH. III)
4/17/2021 23:01:00,Lewis Del Mar,Shutter
4/17/2021 22:58:00,Lewis Del Mar,Cold Turkey
4/17/2021 22:53:00,Lewis Del Mar,Sewers
4/17/2021 22:52:00,Lewis Del Mar,Morning Rush (Interlude)
4/17/2021 22:47:00,Lewis Del Mar,Do You Need Me
4/17/2021 22:44:00,Lewis Del Mar,Fever (CH. I)
4/17/2021 22:41:00,Lewis Del Mar,Prologue
4/17/2021 22:38:00,Lewis Del Mar,Alameda
4/17/2021 22:34:00,Lewis Del Mar,Malt Liquor
4/17/2021 22:24:00,Lewis Del Mar,The Ceiling
4/17/2021 22:20:00,Lewis Del Mar,Rosalie (CH. II)
4/17/2021 22:16:00,Lewis Del Mar,Stealing (Nightly)
4/17/2021 22:12:00,Lewis Del Mar,Tap Water Drinking
4/17/2021 22:08:00,Lewis Del Mar,Loud(y)
4/17/2021 22:03:00,Lewis Del Mar,Live That Long
4/17/2021 21:59:00,Lewis Del Mar,Painting (Masterpiece)
4/17/2021 21:55:00,Lewis Del Mar,Wave(s)
4/17/2021 2:48:00,Cavetown,Smoke Signals (feat. Tessa Violet)
4/17/2021 2:44:00,The Happy Fits,Too Late
4/17/2021 2:41:00,half•alive,Tip Toes
4/17/2021 2:38:00,Sure Sure,This Must Be the Place
4/17/2021 2:35:00,half•alive,ice cold. (with Kimbra)
4/17/2021 2:31:00,Dayglow,Woah Man
4/17/2021 2:28:00,Wallows,These Days
4/17/2021 2:24:00,Hippo Campus,South
4/17/2021 2:18:00,Ezra Furman,Restless Year
4/17/2021 2:13:00,Cigarettes After Sex,K.
4/17/2021 2:08:00,Damien Rice,Delicate
4/17/2021 2:04:00,Death Cab for Cutie,Crooked Teeth
4/17/2021 2:02:00,Superorganism,Something for Your M.I.N.D.
4/17/2021 1:59:00,Hobo Johnson,Peach Scone
4/17/2021 1:55:00,Hobo Johnson,Uglykid (feat. Elohim)
4/17/2021 1:51:00,Hobo Johnson,You & the Cockroach
4/17/2021 1:48:00,Hobo Johnson,Uglykid (feat. Elohim)
4/17/2021 1:44:00,Langhorne Slim,Strangers
4/17/2021 1:41:00,Saint Motel,Van Horn
4/17/2021 1:33:00,alt-J,Dissolve Me
4/17/2021 1:28:00,alt-J,Arrival in Nara
4/17/2021 1:25:00,Lewis Del Mar,Wave(s)
4/17/2021 1:22:00,alt-J,Arrival in Nara - Commentary
4/17/2021 1:15:00,NoMBe,Wait
4/17/2021 1:08:00,alt-J,Hunger of the Pine
4/17/2021 1:05:00,Dr. Dog,Where'd All The Time Go?
4/17/2021 0:59:00,alt-J,House of the Rising Sun
4/17/2021 0:54:00,Glass Animals,Gooey
4/17/2021 0:50:00,Glass Animals,Season 2 Episode 3
4/17/2021 0:14:00,Glass Animals,Take A Slice
4/14/2021 19:29:00,Neil Diamond,Sweet Caroline
4/14/2021 19:25:00,Journey,Don't Stop Believin'
4/14/2021 19:19:00,Billy Joel,Piano Man
4/14/2021 13:58:00,Fountains of Wayne,Stacy's Mom
4/14/2021 10:43:00,Glass Animals,Dreamland
4/14/2021 10:40:00,alt-J,Tessellate
4/14/2021 10:35:00,alt-J,The Gospel of John Hurt
4/14/2021 10:30:00,Milky Chance,Stolen Dance
4/14/2021 10:24:00,alt-J,House of the Rising Sun
4/14/2021 10:20:00,Starfucker,Kahlil Gibran
4/14/2021 10:15:00,Arcade Fire,Dimensions
4/14/2021 10:10:00,Chet Faker,Gold
4/14/2021 10:10:00,Grouplove,Deleter
4/14/2021 10:06:00,Young the Giant,Heat of the Summer
4/14/2021 10:06:00,Grouplove,Deleter
4/14/2021 10:02:00,Young the Giant,Heat of the Summer
4/14/2021 10:00:00,The xx,Islands
4/14/2021 9:54:00,Foals,Exits
4/14/2021 9:49:00,José González,Stay Alive
4/14/2021 9:46:00,alt-J,Warm Foothills
4/14/2021 9:42:00,Glass Animals,Tangerine
4/14/2021 9:38:00,Palace,Bitter
4/14/2021 9:35:00,The Kooks,Junk of the Heart (Happy)
4/14/2021 9:28:00,Palace,Heaven Up There
4/14/2021 9:24:00,The Shins,Australia
4/14/2021 9:20:00,alt-J,Fitzpleasure
4/14/2021 9:14:00,Balthazar,Fever
4/14/2021 9:10:00,Glass Animals,Life Itself
4/14/2021 9:08:00,alt-J,(Guitar)
4/14/2021 9:05:00,The xx,Crystalised
4/14/2021 9:02:00,Two Door Cinema Club,Sun
4/14/2021 8:57:00,Spoon,Inside Out
4/14/2021 8:53:00,Cold War Kids,Hang Me Up to Dry
4/14/2021 8:50:00,The Kooks,Naïve
4/14/2021 8:47:00,alt-J,Left Hand Free
4/14/2021 8:43:00,STRFKR,Open Your Eyes
4/14/2021 8:38:00,Glass Animals,The Other Side of Paradise
4/14/2021 8:34:00,Sylvan Esso,Funeral Singers
4/14/2021 8:31:00,Rainbow Kitten Surprise,It's Called: Freefall
4/14/2021 8:28:00,alt-J,Breezeblocks
4/14/2021 8:24:00,Glass Animals,Season 2 Episode 3
4/14/2021 8:18:00,alt-J,Taro
4/14/2021 8:15:00,Rainbow Kitten Surprise,Devil Like Me
4/14/2021 8:11:00,Vampire Weekend,Step
4/14/2021 8:08:00,Bombay Bicycle Club,Luna
4/14/2021 8:04:00,Young the Giant,Mind Over Matter
4/14/2021 8:00:00,Glass Animals,Black Mambo
4/14/2021 7:55:00,Glass Animals,Poplar St
4/14/2021 7:50:00,Unknown Mortal Orchestra,Necessary Evil
4/11/2021 17:15:00,Elvis Presley,Can't Help Falling in Love
4/11/2021 17:13:00,Blur,Song 2 - 2012 Remaster
4/11/2021 17:10:00,Dead or Alive,You Spin Me Round (Like a Record)
4/11/2021 17:07:00,The Blues Brothers,Soul Man - 45 Version
4/11/2021 17:04:00,The Trashmen,Surfin' Bird
4/11/2021 17:00:00,Elton John,Crocodile Rock
4/11/2021 16:58:00,Leon Bridges,Better Man
4/11/2021 16:55:00,The Ruts,Babylon's Burning
4/11/2021 16:51:00,Bell Biv DeVoe,Poison
4/9/2021 23:43:00,José González,Stay Alive
4/9/2021 23:39:00,Glass Animals,Poplar St
4/9/2021 23:35:00,alt-J,Deadcrush
4/9/2021 23:31:00,Local Natives,Coins
4/9/2021 23:27:00,Dr. Dog,Heart It Races - Cover Version
4/9/2021 23:24:00,NoMBe,Paint California
4/9/2021 23:20:00,Local Natives,I Saw You Close Your Eyes
4/9/2021 23:16:00,alt-J,Fitzpleasure
4/9/2021 23:13:00,The Kooks,Junk of the Heart (Happy)
4/9/2021 23:09:00,Glass Animals,Season 2 Episode 3
4/9/2021 23:06:00,Starfucker,Rawnald Gregory Erickson the Second
4/9/2021 23:06:00,Rainbow Kitten Surprise,It's Called: Freefall
4/9/2021 21:25:00,Lynyrd Skynyrd,Free Bird
4/9/2021 21:21:00,The Cure,Friday I'm in Love
4/9/2021 21:18:00,Los Lobos,La Bamba
4/9/2021 21:14:00,Queen,Under Pressure - Remastered 2011
4/9/2021 21:03:00,Queen,Good Old-Fashioned Lover Boy - Remastered 2011
4/9/2021 20:59:00,Radiohead,Creep
4/9/2021 20:55:00,Daryl Hall & John Oates,Out of Touch
4/9/2021 20:51:00,Kings of Leon,Sex on Fire
4/9/2021 20:46:00,Boston,More Than a Feeling
4/9/2021 20:43:00,When In Rome,The Promise
4/9/2021 20:38:00,Fleetwood Mac,Oh Daddy - Early Take
4/9/2021 20:34:00,Beck,Sexx Laws
4/9/2021 20:31:00,The Cure,Just Like Heaven
4/9/2021 20:28:00,Jefferson Airplane,Somebody to Love
4/9/2021 20:25:00,Petula Clark,Downtown
4/9/2021 20:21:00,The Cure,Let's Go to Bed
4/9/2021 20:18:00,The Mamas & the Papas,California Dreamin' - Single Version
4/9/2021 20:14:00,Sweet,Ballroom Blitz
4/9/2021 20:12:00,The Clash,White Riot - remastered
4/9/2021 20:08:00,Deep Purple,Hush - 1998 Remaster
4/9/2021 20:05:00,Ozzy Osbourne,Crazy Train
4/9/2021 20:02:00,Dean Martin,That's Amore - Remastered
4/9/2021 19:59:00,ZZ Top,La Grange - 2005 Remaster
4/9/2021 19:56:00,The Zombies,She's Not There
4/9/2021 19:53:00,Kaiser Chiefs,Never Miss a Beat
4/9/2021 19:49:00,Haddaway,"What Is Love - 7"" Mix"
4/9/2021 19:44:00,alt-J,Matilda
4/9/2021 19:37:00,Mike Posner,Miley Cyrus - Bonus Track
4/9/2021 19:35:00,Mike Posner,Stay With You - Bonus Track
4/9/2021 19:31:00,Mike Posner,Buried In Detroit - Lucas Löwe Remix
4/9/2021 19:28:00,Mike Posner,Silence - Sluggo x Loote Remix
4/9/2021 19:25:00,Mike Posner,In The Arms Of A Stranger - Brian Kierulf Remix
4/9/2021 19:21:00,Mike Posner,Be As You Are - JordanXL Remix
4/9/2021 19:15:00,Mike Posner,Not That Simple - Kyle Tree Remix
4/9/2021 19:12:00,Mike Posner,I Took a Pill in Ibiza - Seeb Remix
4/9/2021 19:08:00,Mike Posner,Buried in Detroit
4/9/2021 19:05:00,Mike Posner,One Hell of a Song
4/7/2021 17:35:00,Glass Animals,Helium
4/7/2021 17:32:00,Black Pistol Fire,Suffocation Blues
4/7/2021 17:28:00,Wallows,Worlds Apart
4/7/2021 17:25:00,Wallows,Treacherous Doctor - Live from Henson Studios
4/7/2021 17:22:00,Wallows,Are You Bored Yet? (feat. Clairo)
4/7/2021 17:20:00,Wallows,Virtual Aerobics
4/7/2021 17:16:00,Wallows,Drunk on Halloween
4/7/2021 17:13:00,Wallows,Scrawny
4/7/2021 16:55:00,Wallows,Quarterback
4/7/2021 16:51:00,Wallows,I'm Full
4/7/2021 16:50:00,Wallows,Underneath the Streetlights in the Winter Outside Your House
4/7/2021 16:47:00,Wallows,OK
4/7/2021 16:45:00,alt-J,In Cold Blood
4/7/2021 16:40:00,alt-J,House of the Rising Sun
4/7/2021 16:36:00,Dr. Dog,Heart It Races - Cover Version
4/7/2021 16:33:00,Rainbow Kitten Surprise,Devil Like Me
4/7/2021 16:30:00,Rainbow Kitten Surprise,It's Called: Freefall
4/7/2021 16:28:00,Spoon,The Way We Get By
4/7/2021 16:25:00,Palace,Bitter
4/7/2021 16:20:00,Arcade Fire,Ready to Start
4/7/2021 16:16:00,Pink Floyd,Set The Controls For The Heart Of The Sun (Live) [2011 - Remaster]
4/7/2021 16:11:00,Pink Floyd,Wish You Were Here - 2011 Remastered Version
4/7/2021 15:59:00,Fiona Apple,Criminal
4/6/2021 20:00:00,Glass Animals,Season 2 Episode 3
4/6/2021 19:58:00,Weathers,I'm Not Ok
4/6/2021 19:54:00,Coast Modern,Guru
4/6/2021 19:51:00,Coast Modern,Dive
4/6/2021 19:48:00,Coin,Talk Too Much
4/6/2021 19:43:00,Dayglow,Fair Game
4/6/2021 19:39:00,half•alive,still feel.
4/6/2021 19:36:00,half•alive,Rest (with Samm Henshaw)
4/6/2021 12:49:00,alt-J,Left Hand Free
4/6/2021 12:47:00,Glass Animals,Take A Slice
4/6/2021 12:24:00,Gym Class Heroes,Cupid's Chokehold / Breakfast in America
4/5/2021 21:11:00,Bad Suns,Baby Blue Shades
4/5/2021 21:01:00,Lewis Capaldi,Before You Go
4/5/2021 20:56:00,Gotye,Somebody That I Used to Know
4/5/2021 20:52:00,Ed Sheeran,Perfect
4/5/2021 20:47:00,Ed Sheeran,Thinking Out Loud
4/5/2021 20:44:00,Jesse,Bloom Later
4/5/2021 20:41:00,The Marías,Only in My Dreams
4/5/2021 20:37:00,Declan McKenna,Make Me Your Queen
4/5/2021 20:37:00,Gus Dapperton,First Aid
4/5/2021 20:33:00,Gus Dapperton,First Aid
4/5/2021 20:29:00,The Japanese House,Saw You in a Dream
4/5/2021 20:26:00,Men I Trust,Seven
4/5/2021 20:21:00,Men I Trust,Lauren
4/5/2021 20:18:00,The Drums,Lets Go Surfing
4/5/2021 20:15:00,girl in red,i'll die anyway.
4/5/2021 20:10:00,Cigarettes After Sex,Nothing's Gonna Hurt You Baby
4/5/2021 20:10:00,Cigarettes After Sex,Each Time You Fall In Love
4/5/2021 20:05:00,Cigarettes After Sex,Each Time You Fall In Love
4/5/2021 20:01:00,Mac DeMarco,Cooking Up Something Good
4/5/2021 20:01:00,Matt Maltese,Even If It's a Lie - Demo
4/5/2021 19:58:00,Mac DeMarco,Cooking Up Something Good
4/5/2021 19:54:00,The Drums,Days
4/5/2021 19:50:00,TV Girl,Hate Yourself
4/5/2021 19:48:00,Acid Ghost,All Alone
4/5/2021 19:43:00,Declan McKenna,Brazil
4/5/2021 19:40:00,No Vacation,You're Not with Me
4/5/2021 19:35:00,Alvvays,Not My Baby
4/5/2021 19:32:00,Her's,Marcel
4/5/2021 19:30:00,beabadoobee,The Moon Song
4/5/2021 19:27:00,Mac DeMarco,Let Her Go
4/5/2021 19:26:00,girl in red,say anything
4/5/2021 19:26:00,boy pablo,wtf
4/5/2021 19:23:00,girl in red,say anything
4/5/2021 19:19:00,Cigarettes After Sex,Falling in Love
4/5/2021 19:15:00,Cigarettes After Sex,You're All I Want
4/5/2021 19:12:00,Clairo,4EVER
4/5/2021 19:07:00,Cigarettes After Sex,Touch
4/5/2021 19:03:00,The Walters,New Girl (Tom's Song)
4/5/2021 18:58:00,Cigarettes After Sex,K.
4/5/2021 18:55:00,The Japanese House,Something Has to Change
4/5/2021 18:49:00,Bedroom,In My Head
4/5/2021 18:17:00,Cigarettes After Sex,Heavenly
4/5/2021 18:14:00,Mac DeMarco,One Another
4/5/2021 18:09:00,Current Joys,Kids
4/5/2021 17:58:00,Castlebeat,80's High School
4/5/2021 17:55:00,Surf Curse,Disco
4/5/2021 17:51:00,Cigarettes After Sex,Keep On Loving You
4/5/2021 17:49:00,The Walters,Goodbye Baby
4/5/2021 17:46:00,Beach Fossils,Sleep Apnea
4/4/2021 19:52:00,alt-J,Left Hand Free
4/4/2021 19:46:00,Ben Howard,Promise
4/4/2021 19:43:00,Sylvan Esso,Ferris Wheel
4/4/2021 19:40:00,Glass Animals,Tangerine
4/4/2021 19:36:00,The Shins,Australia
4/4/2021 19:30:00,alt-J,The Gospel of John Hurt
4/4/2021 19:26:00,Balthazar,Bunker
4/4/2021 18:56:00,The Kooks,Always Where I Need to Be
4/4/2021 18:51:00,Ben Howard,She Treats Me Well
4/4/2021 18:47:00,Metronomy,Everything Goes My Way
4/4/2021 18:44:00,alt-J,Tessellate
4/4/2021 18:42:00,The Maccabees,Toothpaste Kisses
4/4/2021 18:38:00,Rainbow Kitten Surprise,Cocaine Jesus
4/4/2021 18:35:00,Vampire Weekend,Campus
4/4/2021 18:32:00,José González,El Invento
4/4/2021 18:28:00,alt-J,Lovely Day - Bonus Track
4/4/2021 18:24:00,Ben Howard,Far Out
4/4/2021 18:20:00,Daughter,Smother
4/4/2021 18:17:00,The Kooks,Junk of the Heart (Happy)
4/4/2021 17:43:00,Glass Animals,The Other Side of Paradise
4/4/2021 17:40:00,alt-J,Matilda
4/4/2021 17:37:00,Grouplove,Deadline
4/4/2021 17:33:00,Chet Faker,Talk Is Cheap
4/4/2021 17:28:00,Ben Howard,I Forget Where We Were
4/4/2021 17:25:00,Vampire Weekend,Unbelievers
4/4/2021 17:21:00,alt-J,In Cold Blood
4/4/2021 17:18:00,Broken Bells,The High Road
4/4/2021 17:14:00,Young the Giant,Silvertongue
4/4/2021 17:11:00,Two Door Cinema Club,What You Know
4/4/2021 17:07:00,STRFKR,Open Your Eyes
4/4/2021 17:04:00,alt-J,Pusher
4/4/2021 17:01:00,Rainbow Kitten Surprise,Devil Like Me
4/4/2021 16:56:00,Ben Howard,Only Love
4/4/2021 16:52:00,Dope Lemon,Marinade
4/4/2021 16:48:00,Glass Animals,Poplar St
4/4/2021 16:43:00,alt-J,Taro
4/4/2021 16:39:00,Shakey Graves,Tomorrow
4/4/2021 16:36:00,The Kooks,Taking Pictures of You
4/4/2021 16:33:00,Starfucker,Rawnald Gregory Erickson the Second
4/4/2021 16:31:00,Vampire Weekend,Sunflower (feat. Steve Lacy)
4/4/2021 16:27:00,Lewis Del Mar,Wave(s)
4/4/2021 16:23:00,Chet Faker,No Diggity
4/4/2021 16:19:00,Glass Animals,Season 2 Episode 3
4/4/2021 16:17:00,alt-J,Dancing in the Moonlight (Its Caught Me in Its Spotlight) - Recorded at Spotify Studios NYC
4/4/2021 16:13:00,alt-J,Warm Foothills
4/4/2021 16:09:00,Dr. Dog,Nellie
4/4/2021 16:06:00,alt-J,Every Other Freckle
4/4/2021 16:02:00,Young the Giant,Cough Syrup
4/4/2021 15:58:00,alt-J,Dissolve Me
4/3/2021 23:24:00,Glass Animals,Youth
4/3/2021 23:19:00,Vampire Weekend,Harmony Hall
4/3/2021 23:15:00,Beirut,Nantes
4/3/2021 23:12:00,Young the Giant,Silvertongue
4/3/2021 23:08:00,Grizzly Bear,Two Weeks
4/3/2021 23:05:00,Two Door Cinema Club,What You Know
4/3/2021 20:46:00,Glass Animals,Poplar St
4/3/2021 20:41:00,Grouplove,Deadline
4/3/2021 20:38:00,Young the Giant,Superposition
4/3/2021 20:34:00,Daughter,Medicine
4/3/2021 20:29:00,Ben Howard,She Treats Me Well
4/3/2021 20:24:00,alt-J,In Cold Blood
4/3/2021 20:21:00,Glass Animals,Helium
4/3/2021 20:15:00,alt-J,Taro
4/3/2021 20:10:00,Broken Bells,The High Road
4/3/2021 20:06:00,Glass Animals,Gooey
4/3/2021 20:01:00,Rainbow Kitten Surprise,Devil Like Me
4/3/2021 19:58:00,The Kooks,She Moves in Her Own Way
4/3/2021 19:55:00,alt-J,Left Hand Free
4/3/2021 19:52:00,Vampire Weekend,Campus
4/3/2021 19:49:00,alt-J,Hunger of the Pine
4/3/2021 19:44:00,Chet Faker,Talk Is Cheap
4/3/2021 19:41:00,Daughter,Smother
4/3/2021 19:35:00,Sorority Noise,Fuchsia
4/3/2021 19:32:00,Glass Animals,The Other Side of Paradise
4/3/2021 17:47:00,Duncan Laurence,Arcade
4/3/2021 17:44:00,The Neighbourhood,Sweater Weather
4/3/2021 17:40:00,Mor ve Ötesi,Son Deneme
4/3/2021 17:30:00,Tame Impala,Borderline
4/3/2021 17:26:00,Pixies,Here Comes Your Man
4/3/2021 17:23:00,Arctic Monkeys,Why'd You Only Call Me When You're High?
4/3/2021 17:20:00,BØRNS,Dopamine
4/3/2021 17:17:00,BØRNS,Electric Love
4/3/2021 17:12:00,batuflex,Dumanı Pasla
4/3/2021 17:04:00,The Man Who,Natural Villain
4/3/2021 17:01:00,Sports,You Are the Right One
4/3/2021 16:58:00,Doja Cat,Streets
4/3/2021 16:54:00,Arctic Monkeys,Teddy Picker
4/3/2021 16:52:00,Arctic Monkeys,Arabella
4/3/2021 16:48:00,Paul Anka,Put Your Head on My Shoulder
4/3/2021 16:44:00,Yaşlı Amca,Yıldızlara Bak
4/3/2021 16:33:00,Mor ve Ötesi,Bazen
4/3/2021 16:29:00,Cage the Elephant,Cold Cold Cold
4/3/2021 16:26:00,The Neighbourhood,Sweater Weather
4/3/2021 16:22:00,Blondie,Call Me
4/3/2021 16:18:00,Hall & Oates,Rich Girl
4/3/2021 16:16:00,Saint Motel,Sweet Talk
4/3/2021 16:12:00,Broken Bells,The High Road
4/3/2021 16:09:00,Rainbow Kitten Surprise,Devil Like Me
7/24/2021 12:31:00,Sir Sly,Astronaut
7/24/2021 12:20:00,Sonny & Cher,I Got You Babe
7/24/2021 12:12:00,The Driver Era,LOW
7/24/2021 12:08:00,Bad Sounds,Are You High?
7/24/2021 12:03:00,Hobo Johnson,Peach Scone
7/24/2021 12:00:00,The Weeknd,Blinding Lights
7/24/2021 11:57:00,Cass Elliot,Make Your Own Kind of Music
7/24/2021 11:55:00,The Beach Boys,California Girls - Remix/Remastered 2001
7/24/2021 11:39:00,half•alive,The Fall
7/24/2021 11:34:00,Kasabian,Wasted
7/24/2021 11:30:00,dodie,BOYS LIKE YOU
7/24/2021 11:27:00,Kane Strang,My Smile is Extinct
7/24/2021 11:24:00,Fox Academy,and also i'm really scared
7/24/2021 11:20:00,Halsey,Trouble - Stripped
7/24/2021 11:14:00,Gnarls Barkley,Crazy
7/24/2021 11:05:00,alt-J,Breezeblocks
7/24/2021 11:00:00,Daniel Caesar,Japanese Denim
7/24/2021 10:55:00,Aidan Bissett,More Than Friends
7/24/2021 10:51:00,Labrinth,Forever
7/24/2021 10:50:00,jagger finn,vas
7/24/2021 10:44:00,Beach House,Space Song
7/24/2021 10:44:00,Seafret,Can't Look Away
7/24/2021 10:41:00,The Academic,Bear Claws
7/24/2021 10:37:00,The Maccabees,Toothpaste Kisses
7/24/2021 10:30:00,The Neighbourhood,The Beach
7/24/2021 10:27:00,Cage the Elephant,Cigarette Daydreams
7/24/2021 10:24:00,Role Model,better the first time
7/24/2021 10:19:00,boy pablo,I <3 U
7/24/2021 10:12:00,Tame Impala,One More Hour
7/24/2021 10:09:00,Role Model,girl in new york
7/24/2021 10:05:00,BØRNS,Electric Love
7/24/2021 10:01:00,Geskle,So She Goes
7/24/2021 9:58:00,Far Caspian,Questions
7/24/2021 9:54:00,Arctic Monkeys,I Wanna Be Yours
7/24/2021 2:56:00,Elohim,Uglykid (feat. Elohim)
7/24/2021 2:36:00,Labrinth,Forever
7/24/2021 2:29:00,The Neighbourhood,The Beach
7/24/2021 2:28:00,Good Morning,$10
7/18/2021 20:17:00,Saint Motel,For Elise
7/28/2021 15:13:00,The Neighbourhood,Daddy Issues
7/28/2021 15:11:00,lovelytheband,make you feel pretty
7/28/2021 15:07:00,Sure Sure,This Must Be the Place
7/29/2021 19:38:00,Måneskin,I WANNA BE YOUR SLAVE
7/29/2021 19:33:00,Måneskin,Beggin'
7/29/2021 19:30:00,Måneskin,I WANNA BE YOUR SLAVE
7/29/2021 19:26:00,Au/Ra,Panic Room
7/29/2021 19:19:00,Owl City,Fireflies
7/29/2021 19:10:00,Olivia Rodrigo,good 4 u
7/29/2021 19:07:00,John Denver,"Take Me Home, Country Roads"
7/29/2021 19:04:00,Kaiser Chiefs,Ruby
7/29/2021 19:02:00,Neil Diamond,Sweet Caroline
7/29/2021 18:54:00,Queen,We Will Rock You - Remastered 2011
7/29/2021 18:52:00,Kina,Get You The Moon (feat. Snøw)
7/29/2021 18:48:00,Duncan Laurence,Arcade
7/29/2021 18:41:00,Måneskin,Beggin'
7/29/2021 14:39:00,The Beatles,Here Comes The Sun - Remastered 2009
7/28/2021 21:52:00,Dominic Fike,Westcoast Collective
7/30/2021 21:41:00,Twenty One Pilots,The Hype
7/30/2021 21:39:00,Ezra Furman,Love You So Bad
7/30/2021 17:44:00,Role Model,forever&more
7/30/2021 17:41:00,Mac DeMarco,My Kind of Woman
7/30/2021 17:38:00,Jontha Links,Duracell
7/30/2021 17:31:00,Cage the Elephant,Cigarette Daydreams
7/30/2021 17:27:00,Role Model,girl in new york
7/30/2021 17:24:00,Home,Resonance
7/30/2021 17:20:00,Noah and the Whale,5 Years Time
7/30/2021 17:16:00,Fitz and the Tantrums,Out of My League
7/30/2021 17:11:00,R5,Repeating Days
7/30/2021 17:08:00,Arctic Monkeys,I Wanna Be Yours
7/30/2021 17:07:00,Wallows,Underneath the Streetlights in the Winter Outside Your House
7/30/2021 17:02:00,The Backseat Lovers,Just a Boy
7/30/2021 16:59:00,Labrinth,Forever
7/30/2021 16:54:00,Steve Lacy,Dark Red
7/30/2021 16:50:00,Role Model,better the first time
7/30/2021 16:45:00,Beach House,Space Song
7/30/2021 16:41:00,Between Friends,affection
7/30/2021 16:37:00,I Monster,Daydream In Blue
7/30/2021 16:33:00,Briston Maroney,Freakin' Out on the Interstate
7/30/2021 16:30:00,jelani aryeh,Stella Brown
7/30/2021 14:24:00,The Neighbourhood,Daddy Issues
7/30/2021 14:18:00,The Neighbourhood,Sweater Weather
7/30/2021 14:08:00,Saint Motel,For Elise
7/30/2021 14:05:00,Aidan Bissett,More Than Friends
7/30/2021 14:00:00,Tame Impala,One More Hour
7/30/2021 13:54:00,The Neighbourhood,The Beach
7/30/2021 13:49:00,Cavetown,Talk To Me
7/30/2021 13:47:00,Lowertown,New Song
7/30/2021 13:15:00,Coin,Crash My Car
7/30/2021 11:44:00,half•alive,RUNAWAY
7/30/2021 11:42:00,Aurora,Runaway
7/30/2021 11:38:00,Rag'n'Bone Man,Human
7/30/2021 11:35:00,Au/Ra,Panic Room
7/30/2021 11:29:00,Lukas Graham,7 Years
7/30/2021 11:24:00,Dean Lewis,Be Alright